Workbook
Name __A100000: #REF!
Name __A100000: #REF!
Name __A100000: #REF!
Name __A100002: #REF!
Name __A100002: #REF!
Name __A100002: #REF!
Name __A111119: #REF!
Name __A111119: #REF!
Name __A111119: #REF!
Name __A111192: #REF!
Name __A111192: #REF!
Name __A111192: #REF!
Name __A70000: #REF!
Name __A70000: #REF!
Name __A70000: #REF!
Name __A99999: #REF!
Name __A99999: #REF!
Name __A99999: #REF!
Name __ADM1: #REF!
Name __ADM1: #REF!
Name __ADM1: #REF!
Name __ADM2: #REF!
Name __ADM2: #REF!
Name __ADM2: #REF!
Name __ADM3: #REF!
Name __ADM3: #REF!
Name __ADM3: #REF!
Name __ADM4: #REF!
Name __ADM4: #REF!
Name __ADM4: #REF!
Name __ADM5: #REF!
Name __ADM5: #REF!
Name __ADM5: #REF!
Name __AKZ02: #REF!
Name __AKZ02: #REF!
Name __AKZ02: #REF!
Name __AST90: #REF!
Name __AST90: #REF!
Name __AST90: #REF!
Name __DAT1: #REF!
Name __DAT1: #REF!
Name __DAT1: #REF!
Name __DAT10: #REF!
Name __DAT10: #REF!
Name __DAT10: #REF!
Name __DAT11: #REF!
Name __DAT11: #REF!
Name __DAT11: #REF!
Name __DAT12: #REF!
Name __DAT12: #REF!
Name __DAT12: #REF!
Name __DAT2: #REF!
Name __DAT2: #REF!
Name __DAT2: #REF!
Name __DAT3: #REF!
Name __DAT3: #REF!
Name __DAT3: #REF!
Name __DAT4: #REF!
Name __DAT4: #REF!
Name __DAT4: #REF!

Sheet Device List
A2: No | B2: Network Information | G2: Physical Information | O2: System Information | AB2: Hardware Information | AH2: Software Information | AQ2: Software (Specific) | AW2: Access Permission | AY2: Email Address Logon | AZ2: Updated | BB2: Remark
B3: IP Address | C3: Computer Name | D3: User Name | E3: Workgroup/Domain | F3: Use DHCP | G3: Type | H3: PIC | J3: Department | K3: Location | M3: Year of Purchased | N3: Age (Years) | O3: Brand | P3: Model | Q3: CPU | R3: Speed (GHz) | S3: RAM (MB) | T3: HDD | V3: SSD | X3: Monitor | AB3: Hardware Identification | AD3: Fixed Asset Number | AF3: MAC Address | AH3: Windows | AL3: Office | AO3: Antivirus | AQ3: HRM | AR3: SAP | AS3: Stock | AT3: Garoon | AU3: Team | AV3: Other | AW3: Internet | AX3: Email | AZ3: Date | BA3: By
I4: PIC | T4: HDD(GB) | U4: Hardware Name | V4: SSD(GB) | W4: Hardware Name | X4: Brand | Y4: Model | Z4: Specification | AA4: Serial Number | AB4: Serial Number | AC4: Service Tag | AD4: CPU | AE4: Monitor | AF4: LAN | AG4: Wireless | AH4: Version | AI4: Bit | AJ4: License Type | AK4: License Key | AL4: Version | AM4: License Type | AN4: License Key | AO4: Name | AP4: Version
A5: 1 | B5: 192.168.100.188 | C5: KF-AD-01 | D5: nk1lecture2 | E5: NK-NIPPO | F5: No | G5: PC | H5: AD-IT | I5: Mr. Amnat Kunwandee | J5: AD | K5: NK1 | L5: NK1 Vip1 Room | M5: 2019 | N5: =2026-M5 -> 7 | O5: Dell Inc. | P5: OptiPlex 3070 | Q5: Intel(R) Core(TM) i5-9500 CPU @ 3.00GHz | R5: 3.00GHz | S5: 8192 | T5: 1024 | U5: Intel Optane+932GBHDD | X5: Sony | Y5: KLV-40S400A | Z5: 40 inch, Wide | AA5: 6002190 | AB5: 6TQRB03 | AC5: 6TQRB03 | AD5: NKF-19-006-O 03/24 | AE5: KF2-08-030-O | AF5: E4-54-E8-7D-F5-F2 | AG5: Don't have | AH5: Windows 11 Professional Edition (x64) | AI5: 64 | AJ5: OEM | AK5: PFMNV-Q7B4G-23HT3-Y9PH2-MP2KC | AL5: Microsoft Office Standard 2019 - en-us | AM5: Volume Licensing | AN5: V8TVB | AO5: Cybereason | AP5: 23.2.243.1 | AU5: P | AV5: Zoom | AW5: YES | AX5: NO | AY5: - | AZ5: 45841 | BA5: anucha
A6: 2 | B6: 192.168.123.118 | C6: KF-AD-02 | D6: nk1vip2 | E6: NK-NIPPO | F6: No | G6: PC | H6: AD-IT | I6: Mr. Amnat Kunwandee | J6: AD | K6: NK1 | L6: NK1 Vip2 Room | M6: 2019 | N6: =2026-M6 -> 7 | O6: Dell Inc. | P6: OptiPlex 3070 | Q6: Intel(R) Core(TM) i5-9500 CPU @ 3.00GHz | R6: 3.00GHz | S6: 8192 | V6: 500 | W6: NVMe Samsung SSD 980 | X6: Sony | Y6: KLV-32W550A | Z6: 32 inch, Wide | AA6: 6002255 | AB6: 6TBQB03 | AC6: 6TBQB03 | AD6: NKF-19-006-O 10/24 | AE6: Don't have | AF6: E4-54-E8-7D-F6-91 | AG6: Don't have | AH6: Windows 11 Professional Edition (x64) | AI6: 64 | AJ6: OEM | AK6: 6PV2R-NYXF6-M2CVT-C77MF-QGPKC | AL6: Microsoft Office Standard 2019 - en-us | AM6: Volume Licensing | AN6: V8TVB | AO6: Cybereason | AP6: 23.2.243.1 | AU6: P | AV6: Zoom,Skype | AW6: YES | AX6: YES | AY6: nk1vip2@nip.co.th | AZ6: 45841 | BA6: anucha
A7: 3 | B7: 192.168.100.223 | C7: KF-AD-03 | D7: nk1director | E7: NK-NIPPO | F7: Yes | G7: PC | H7: AD-IT | I7: Mr. Amnat Kunwandee | J7: AD | K7: NK1 | L7: NK1 Vip3 Room | M7: 2023 | N7: =2026-M7 -> 3 | O7: Dell Inc. | P7: OptiPlex 7000 | Q7: 12th Gen Intel(R) Core(TM) i5-12500 | R7: 3.00GHz | S7: 8192 | T7: 1024 | U7: ST1000DM010-2EP102 | V7: 256 | W7: NVMe Micron 2450 NVMe 256GB | X7: Sony | Y7: KLV-32W550A | Z7: 32 inch, Wide | AA7: 6002247 | AB7: 66V77V3 | AC7: 66V77V3 | AD7: ยังไม่ติดสติกเกอร์ | AE7: Don't have | AF7: CC-96-E5-12-8F-92 | AG7: Don't have | AH7: Windows 11 Professional Edition (x64) | AI7: 64 | AJ7: OEM | AK7: NJ3GP-QGKF4-X4BK6-YQFCR-BY6PT | AL7: Microsoft Office Home and Business 2021 - en-us | AM7: Full Package Products | AN7: X2HMD | AO7: Cybereason | AP7: 23.2.243.1 | AU7: P | AV7: Zoom,Skype,Webex | AW7: YES | AX7: YES | AY7: nk1director@nip.co.th | AZ7: 45841 | BA7: anucha
A8: 4 | B8: 192.168.100.193 | C8: KF-AD-04 | D8: nk1guest | E8: NK-NIPPO | F8: No | G8: PC | H8: AD-IT | I8: Mr. Amnat Kunwandee | J8: AD | K8: NK1 | L8: Guest Room | M8: 2023 | N8: =2026-M8 -> 3 | O8: Dell Inc. | P8: OptiPlex 7000 | Q8: 12th Gen Intel(R) Core(TM) i5-12500 | R8: 3.00GHz | S8: 8192 | T8: 1024 | U8: ST1000DM010-2EP102 | V8: 256 | W8: NVMe Micron 2450 NVMe 256GB | X8: Dell | Y8: E1715SC | Z8: 17 inch, Square | AA8: CN-06FDC0-TV100-328-00KU-A17 | AB8: 36V77V3 | AC8: 36V77V3 | AD8: ยังไม่ติดสติกเกอร์ | AE8: Don't have | AF8: CC-96-E5-12-8E-51 | AG8: Don't have | AH8: Windows 11 Professional Edition (x64) | AI8: 64 | AJ8: OEM | AK8: QQXN2-K7CDT-2CPVK-6KG2B-7MJGG | AL8: Microsoft Office Home and Business 2021 - en-us | AM8: Full Package Products | AN8: X2HMD | AO8: Cybereason | AP8: 23.2.243.1 | AU8: P | AV8: Zoom,Skype | AW8: YES | AX8: YES | AY8: nk1guest@nip.co.th | AZ8: 45841 | BA8: anucha
A9: 5 | B9: 192.168.100.127 | C9: KF-AD-05 | D9: nk1conference1 | E9: NK-NIPPO | F9: No | G9: PC | H9: AD-IT | I9: Mr. Amnat Kunwandee | J9: AD | K9: NK1 | L9: Conference Room 1 | M9: 2019 | N9: =2026-M9 -> 7 | O9: Dell Inc. | P9: OptiPlex 3070 | Q9: Intel(R) Core(TM) i5-9500 CPU @ 3.00GHz | R9: 3.00GHz | S9: 8192 | V9: 256 | W9: NVMe TS256GMTE110S | X9: Acer | Y9: X1226AH | Z9: Projector | AA9: 10200064459 | AB9: 6T1NB03 | AC9: 6T1NB03 | AD9: NKF-19-006-O 06/24 | AE9: NKF-21-003-O 03/03 | AF9: E4-54-E8-7E-01-5B | AG9: Don't have | AH9: Windows 11 Professional Edition (x64) | AI9: 64 | AJ9: OEM | AK9: NKCH6-RRMHC-3YW8R-C3XFJ-HMH22 | AL9: Microsoft Office Standard 2019 - en-us | AM9: Volume Licensing | AN9: V8TVB | AO9: Cybereason | AP9: 23.2.243.1 | AU9: P | AV9: Zoom,Skype | AW9: YES | AX9: YES | AY9: nk1conference1@nip.co.th | AZ9: 45841 | BA9: anucha
A10: 6 | B10: 192.168.10.19 | C10: KF-AD-08 | D10: nk1bigsalon | E10: NK-NIPPO | F10: Yes | G10: PC | H10: AD-IT | I10: Mr. Amnat Kunwandee | J10: AD | K10: NK1 | L10: Bigsalon Room | M10: 2019 | N10: =2026-M10 -> 7 | O10: Dell Inc. | P10: OptiPlex 3070 | Q10: Intel(R) Core(TM) i5-9500 CPU @ 3.00GHz | R10: 3.00GHz | S10: 8192 | V10: 256 | W10: NVMe TS256GMTE110S | X10: Dell | Y10: E1715S | Z10: 17 inch, Square | AA10: CN-06FDC0-TV100-31V-052U-A17 | AB10: 6VRQB03 | AC10: 6VRQB03 | AD10: NKF-19-006-O 01/24 | AF10: E4-54-E8-7E-00-AB | AG10: Don't have | AH10: Windows 11 Professional Edition (x64) | AI10: 64 | AJ10: OEM | AK10: 27HVN-WMPDR-RRWTD-X9XR2-BTDGP | AL10: Microsoft Office Standard 2019 - en-us | AM10: Volume Licensing | AN10: V8TVB | AO10: Cybereason | AP10: 23.2.243.1 | AR10: P | AU10: P | AW10: YES | AX10: NO | AY10: - | AZ10: 45841 | BA10: anucha
A11: 7 | B11: 192.168.123.121 | C11: KF-AD-09 | D11: nk1lecture1 | E11: NK-NIPPO | F11: No | G11: PC | H11: AD-IT | I11: Mr. Amnat Kunwandee | J11: AD | K11: NK1 | L11: Lecture Room 1 | M11: 2019 | N11: =2026-M11 -> 7 | O11: Dell Inc. | P11: OptiPlex 3070 | Q11: Intel(R) Core(TM) i5-9500 CPU @ 3.00GHz | R11: 3.00GHz | S11: 8192 | T11: 1024 | U11: Intel Optane+932GBHDD | X11: Dell | Y11: E178FPC | Z11: 17 inch, Square | AA11: Q40G17N-700-11C XY | AB11: 6V8MB03 | AC11: 6V8MB03 | AD11: NKF-19-006-O 14/24 | AE11: KF4-07-016-O 01 | AF11: E4-54-E8-7D-FC-4A | AG11: Don't have | AH11: Windows 11 Professional Edition (x64) | AI11: 64 | AJ11: OEM | AK11: X9WDJ-GXNH6-JYWC6-MT6HY-QJ3GP | AL11: Microsoft Office Standard 2019 - en-us | AM11: Volume Licensing | AN11: KKY9Y | AO11: Cybereason | AP11: 23.2.243.1 | AQ11: P | AR11: P | AU11: P | AV11: Zoom | AW11: YES | AX11: YES | AY11: nk1lecture1@nip.co.th | AZ11: 45841 | BA11: anucha
A12: 8 | B12: 192.168.123.122 | C12: KF-AD-10 | D12: natnicha.s | E12: NK-NIPPO | F12: Yes | G12: PC | H12: AD-IT | I12: Mr. Amnat Kunwandee | J12: AD | K12: NK1 | L12: Lecture Room 2 | M12: 2019 | N12: =2026-M12 -> 7 | O12: Dell Inc. | P12: OptiPlex 3070 | Q12: Intel(R) Core(TM) i5-9500 CPU @ 3.00GHz | R12: 3.00GHz | S12: 8192 | T12: 1024 | U12: ST1000DM010-2EP102 | X12: Dell | Y12: E197FPF | Z12: 19 inch, Square | AA12: CN-0UH570-72872-69T-ODLL | AB12: 6SWRB03 | AC12: 6SWRB03 | AD12: NKF-19-006-O 13/24 | AE12: KF5-09-010-O-01/03 | AF12: E4-54-E8-7D-FB-04 | AG12: Don't have | AH12: Windows 11 Professional Edition (x64) | AI12: 64 | AJ12: OEM | AK12: WNFHF-WC92T-WQ9YV-666HW-GVJXC | AL12: Microsoft Office Standard 2019 - en-us | AM12: Volume Licensing | AN12: KKY9Y | AO12: Cybereason | AP12: 23.2.243.1 | AQ12: P | AR12: P | AU12: P | AW12: YES | AX12: NO | AY12: - | AZ12: 45841 | BA12: anucha
A13: 9 | B13: 192.168.100.216 | C13: KF-AD-11 | D13: nk1meeting1 | E13: NK-NIPPO | F13: Yes | G13: PC | H13: AD-IT | I13: Mr. Amnat Kunwandee | J13: AD | K13: NK1 | L13: Meeting Room 1 (Offoce Center) | M13: 2019 | N13: =2026-M13 -> 7 | O13: Dell Inc. | P13: OptiPlex 3070 | Q13: Intel(R) Core(TM) i5-9500 CPU @ 3.00GHz | R13: 3.40GHz | S13: 8192 | V13: 500 | W13: Samsung SSD 980 500GB | X13: Sony | Y13: KLV-32V300A | Z13: 32 inch, Wide | AA13: 6004791 | AB13: 6T1MB03 | AC13: 6T1MB03 | AD13: NKF-19-006-O 13/24 | AE13: Don't have | AF13: E4-54-E8-7D-FA-89 | AG13: Don't have | AH13: Windows 11 Professional Edition (x64) | AI13: 64 | AJ13: OEM | AK13: YTN2P-RJ2D2-MYRHX-2VFMG-C9XTP | AL13: Microsoft Office Standard 2019 - en-us | AM13: Volume Licensing | AN13: V8TVB | AO13: Cybereason | AP13: 23.2.243.1 | AR13: P | AU13: P | AV13: Skype | AW13: YES | AX13: YES | AY13: nk1floor1conference@nip.co.th | AZ13: 45841 | BA13: anucha
A14: 10 | B14: 192.168.20.124 | C14: KF-AD-12 | D14: nk1meeting2 | E14: NK-NIPPO | F14: Yes | G14: PC | H14: AD-IT | I14: Mr. Amnat Kunwandee | J14: AD | K14: NK1 | L14: Meeting Room 2 (Offoce Center) | M14: 2019 | N14: =2026-M14 -> 7 | O14: Dell Inc. | P14: OptiPlex 3070 | Q14: Intel(R) Core(TM) i5-9500 CPU @ 3.00GHz | R14: 3.00GHz | S14: 8192 | V14: 500 | W14: NVMe Samsung SSD 980 | X14: Sony | Y14: KLV-32W550A | Z14: 32 inch, Wide | AA14: 6002248 | AB14: 6SSRB03 | AC14: 6SSRB03 | AD14: KF4-19-002-O 11/11 | AE14: Don't have | AF14: E4-54-E8-7D-FA-9A | AG14: Don't have | AH14: Windows 11 Professional Edition (x64) | AI14: 64 | AJ14: OEM | AK14: P9H88-KDNPJ-QTV2W-C2MQ2-Q3WXC | AL14: Microsoft Office Standard 2019 - en-us | AM14: Volume Licensing | AN14: V8TVB | AO14: Cybereason | AP14: 23.2.243.1 | AR14: P | AU14: P | AV14: Skype | AW14: YES | AX14: NO | AY14: - | AZ14: 45841 | BA14: anucha
A15: 11 | B15: 192.168.200.195 | C15: KF-AD-13 | D15: nk2vip1 | E15: NK-NIPPO | F15: No | G15: PC | H15: AD-IT | I15: Mr. Amnat Kunwandee | J15: AD | K15: NK2 | L15: NK2 Vip1 Room | M15: 2019 | N15: =2026-M15 -> 7 | O15: Dell Inc. | P15: OptiPlex 3070 | Q15: Intel(R) Core(TM) i5-9500 CPU @ 3.00GHz | R15: 3.00GHz | S15: 8192 | V15: 500 | W15: Samsung SSD 980 500GB | X15: acer | Y15: X1226AH | Z15: Projector | AA15: MRJR11006102003415910 | AB15: 6T5QB03 | AC15: 6T5QB03 | AD15: NKF-19-006-O 20/24 | AE15: NKF-21-003-0-02/03 | AF15: E4-54-E8-7E-00-19 | AG15: Don't have | AH15: Windows 11 Professional Edition (x64) | AI15: 64 | AJ15: OEM | AK15: W8GRJ-PNGKB-J7BXH-2HFFC-RVV22 | AL15: Microsoft Office Standard 2019 - en-us | AM15: Volume Licensing | AN15: KKY9Y | AO15: Cybereason | AP15: 23.2.243.1 | AR15: P | AU15: P | AV15: Zoom | AW15: YES | AX15: YES | AY15: nk2vip1@nip.co.th | AZ15: 45841 | BA15: anucha
A16: 12 | B16: 192.168.200.101 | C16: KF-AD-14 | D16: nk2vip2 | E16: NK-NIPPO | F16: No | G16: PC | H16: AD-IT | I16: Mr. Amnat Kunwandee | J16: AD | K16: NK2 | L16: NK2 Vip2 Room | M16: 2019 | N16: =2026-M16 -> 7 | O16: Dell Inc. | P16: OptiPlex 3070 | Q16: Intel(R) Core(TM) i5-9500 CPU @ 3.00GHz | R16: 3.00GHz | S16: 8192 | V16: 256 | W16: NVMe Samsung SSD 970 | X16: Acer | Y16: DNX1522 | Z16: Projector | AA16: MRJP311006728012975900 | AB16: 6T2KB03 | AC16: 6T2KB03 | AD16: NKF-19-006-O 21/24 | AE16: NKF-17-001-O | AF16: E4-54-E8-7E-01-18 | AG16: Don't have | AH16: Windows 11 Professional Edition (x64) | AI16: 64 | AJ16: OEM | AK16: P2WNR-CCYBB-CMR6C-WF7QG-J2QGP | AL16: Microsoft Office Standard 2019 - en-us | AM16: Volume Licensing | AN16: V8TVB | AO16: Cybereason | AP16: 23.2.243.1 | AR16: P | AU16: P | AV16: Zoom | AW16: YES | AX16: YES | AY16: nk2vip2@nip.co.th | AZ16: 45841 | BA16: anucha
A17: 13 | B17: 192.168.123.113 | C17: KF-AD-18 | D17: anurak.s | E17: NK-NIPPO | F17: Yes | G17: NB | H17: Anurak Sareekaew | I17: Mr. Anurak Sareekaew | J17: AD | K17: NK1 | L17: Office Ad | M17: 2022 | N17: =2026-M17 -> 4 | O17: Dell Inc. | P17: Latitude 7320 | Q17: 11th Gen Intel(R) Core(TM) i5-1135G7 @ 2.40GHz | R17: 2.40GHz | S17: 16384 | V17: 500 | W17: NVMe KBG40ZNS512G NVMe KIOXIA 512GB | X17: Dell | Y17: E170Sc | Z17: 17 inch, Square | AA17: CN-0M875N-64180-08P-3VKM | AB17: 9XS43M3 | AC17: 9XS43M3 | AD17: NKF-22-001-O | AE17: NKF-11-001-O | AF17: D4-54-8B-64-20-6D | AG17: D4-54-8B-64-20-6C | AH17: Windows 11 Professional Edition (x64) | AI17: 64 | AJ17: OEM | AK17: 66N4J-J8Q3C-2TVR4-W3Q77-KHKCT | AL17: Microsoft Office LTSC Standard 2021 - en-us | AM17: Volume Licensing | AN17: 8MCC7 | AO17: Cybereason | AP17: 23.2.243.1 | AT17: P | AW17: YES | AX17: YES | AY17: sanurak@nip.co.th | AZ17: 45841 | BA17: anucha
A18: 14 | B18: 192.168.104.25 | C18: KF-AD-19 | D18: yajai.s | E18: NK-NIPPO | F18: No | G18: PC | H18: Yajai Samanpong | I18: Ms. Yajai Samanpong | J18: AD - HRM | K18: NK1 | L18: Office Ad | M18: 2019 | N18: =2026-M18 -> 7 | O18: Dell Inc. | P18: OptiPlex 3070 | Q18: Intel(R) Core(TM) i5-9500 CPU @ 3.00GHz | R18: 3.00GHz | S18: 8192 | T18: 1024 | U18: Intel Optane+932GBHDD | X18: Lenovo | Y18: ThinkVision | Z18: 17 inch, Square | AA18: VNAXLX9 | AB18: 6TDLB03 | AC18: 6TDLB03 | AD18: NKF-19-006-O 02/24 | AE18: NKF-10-063-O | AF18: E4-54-E8-7D-7D-A9 | AG18: Don't have | AH18: Windows 11 Professional Edition (x64) | AI18: 64 | AJ18: OEM | AK18: N7WMF-QW8K6-8978H-KXKJF-W8F9C | AL18: Microsoft Office Standard 2019 - en-us | AM18: Volume Licensing | AN18: KKY9Y | AO18: Cybereason | AP18: 23.2.243.1 | AQ18: P | AR18: P | AT18: P | AW18: YES | AX18: YES | AY18: syajai@nip.co.th | AZ18: 45841 | BA18: anucha
A19: 15 | B19: 192.168.104.26 | C19: KF-AD-20 | D19: supawadee.w | E19: NK-NIPPO | F19: No | G19: PC | H19: Supawadee Wilapan | I19: Ms. Supawadee Wilapan | J19: AD - HRM | K19: NK1 | L19: Office Ad | M19: 2019 | N19: =2026-M19 -> 7 | O19: Dell Inc. | P19: OptiPlex 3070 | Q19: Intel(R) Core(TM) i5-9500 CPU @ 3.00GHz | R19: 3.40GHz | S19: 8192 | T19: 1024 | U19: ST1000DM010-2EP102 | V19: 500 | W19: Samsung SSD 980 500GB | X19: Lenovo | Y19: ThinkVision | Z19: 17 inch, Square | AA19: VNBNB7L | AB19: 6TCKB03 | AC19: 6TCKB03 | AD19: NKF-19-004-O 06/06 | AE19: NKF-12-007-O-01/02 | AF19: E4-54-E8-7D-FA-92 | AG19: Don't have | AH19: Windows 11 Professional Edition (x64) | AI19: 64 | AJ19: OEM | AK19: VY8N7-FYF8Y-PKRCM-JKFFW-XW3GP | AL19: Microsoft Office Standard 2019 - en-us | AM19: Volume Licensing | AN19: KKY9Y | AO19: Cybereason | AP19: 23.2.243.1 | AQ19: P | AR19: P | AT19: P | AW19: YES | AX19: YES | AY19: wsupawadee@nip.co.th | AZ19: 45841 | BA19: anucha
A20: 16 | B20: 192.168.104.33 | C20: KF-AD-21 | D20: benchaporn.p | E20: NK-NIPPO | F20: Yes | G20: PC | H20: Benchaporn Phoemphun | I20: Ms. Benchaporn Phoemphun | J20: AD - HRM | K20: NK1 | L20: Office Ad | M20: 2019 | N20: =2026-M20 -> 7 | O20: Dell Inc. | P20: OptiPlex 3060 | Q20: Intel(R) Core(TM) i5-8400 CPU @ 2.80GHz | R20: 2.80GHz | S20: 8192 | V20: 500 | W20: Samsung SSD 980 500GB | X20: Lenovo | Y20: ThinkVision | Z20: 17 inch, Square | AA20: VNBB1VV | AB20: 8P25WV2 | AC20: 8P25WV2 | AD20: NKF-19-002-O 07/07 | AE20: NKF-11-067-O-01/02 | AF20: 6C-2B-59-D5-58-D1 | AG20: Don't have | AH20: Windows 11 Professional Edition (x64) | AI20: 64 | AJ20: OEM | AK20: YRHRH-3CNPR-C3HFW-YC78Y-8FG6P | AL20: Microsoft Office Standard 2019 - en-us | AM20: Volume Licensing | AN20: PYWKY | AO20: Cybereason | AP20: 23.2.243.1 | AQ20: P | AR20: P | AT20: P | AW20: YES | AX20: YES | AY20: pbenchaporn@nip.co.th | AZ20: 45841 | BA20: anucha
A21: 17 | B21: 192.168.104.142 | C21: KF-AD-23 | D21: piyachat.p | E21: NK-NIPPO | F21: No | G21: PC | H21: Piyachat Prakongwong | I21: Ms. Piyachat Prakongwong | J21: AD - BOI | K21: NK1 | L21: Office Ad | M21: 2019 | N21: =2026-M21 -> 7 | O21: Dell Inc. | P21: OptiPlex 3060 | Q21: Intel(R) Core(TM) i5-8400 CPU @ 2.80GHz | R21: 2.80GHz | S21: 8192 | V21: 500 | W21: NVMe Samsung SSD 980 | X21: Lenovo | Y21: ThinkVision | Z21: 17 inch, Square | AA21: VNAY5VH | AB21: 8P21WV2 | AC21: 8P21WV2 | AD21: NKF-19-002-O 02/07 | AE21: NKF-10-067-O | AF21: 6C-2B-59-D5-3B-A3 | AG21: Don't have | AH21: Windows 11 Professional Edition (x64) | AI21: 64 | AJ21: OEM | AK21: VHKCT-N3THR-X334Y-FPCWG-FVV22 | AL21: Microsoft Office Standard 2019 - en-us | AM21: Volume Licensing | AN21: V8TVB | AO21: Cybereason | AP21: 23.2.243.1 | AR21: P | AT21: P | AW21: YES | AX21: YES | AY21: ppiyachat@nip.co.th | AZ21: 45841 | BA21: anucha
A22: 18 | B22: 192.168.104.59 | C22: KF-AD-24 | D22: numphung.p | E22: NK-NIPPO | F22: No | G22: PC | H22: Numphung Pothong | I22: Ms. Numphung Pothong | J22: AD - GA | K22: NK1 | L22: Office Ad | M22: 2019 | N22: =2026-M22 -> 7 | O22: Dell Inc. | P22: OptiPlex 3070 | Q22: Intel(R) Core(TM) i5-9500 CPU @ 3.00GHz | R22: 3.00GHz | S22: 8192 | V22: 500 | W22: NVMe Samsung SSD 980 | X22: Lenovo | Y22: ThinkVision | Z22: 17 inch, Square | AA22: VNBTDW8 | AB22: 6T3LB03 | AC22: 6T3LB03 | AD22: NKF-19-006-O 08/24 | AE22: NKF-12-039-O | AF22: E4-54-E8-4D-90-E3 | AG22: Don't have | AH22: Windows 11 Professional Edition (x64) | AI22: 64 | AJ22: OEM | AK22: Sticker spoil | AL22: Microsoft Office Standard 2019 - en-us | AM22: Volume Licensing | AN22: V8TVB | AO22: Cybereason | AP22: 23.2.243.1 | AR22: P | AT22: P | AW22: YES | AX22: YES | AY22: pnumphung@nip.co.th | AZ22: 45841 | BA22: anucha
A23: 19 | B23: 192.168.104.27 | C23: KF-AD-25 | D23: sirikan.j | E23: NK-NIPPO | F23: No | G23: PC | H23: Sirikan Jeerapattanapong | I23: Ms. Sirikan Jeerapattanapong | J23: AD - GA | K23: NK1 | L23: Office Ad | M23: 2019 | N23: =2026-M23 -> 7 | O23: Dell Inc. | P23: OptiPlex 3060 | Q23: Intel(R) Core(TM) i5-8400 CPU @ 2.80GHz | R23: 2.80GHz | S23: 8192 | V23: 500 | W23: Samsung SSD 980 500GB | X23: Lenovo | Y23: ThinkVision | Z23: 17 inch, Square | AA23: VNAXLV6 | AB23: 8P1YVV2 | AC23: 8P1YVV2 | AD23: NKF-19-002-O 03/07 | AE23: NKF-10-073-O | AF23: 6C-2B-59-D5-39-76 | AG23: Don't have | AH23: Windows 11 Professional Edition (x64) | AI23: 64 | AJ23: OEM | AK23: C2WYW-NRQ4B-JDG6X-FW6QB-RC2KC | AL23: Microsoft Office Standard 2019 - en-us | AM23: Volume Licensing | AN23: PYWKY | AO23: Cybereason | AP23: 23.2.243.1 | AR23: P | AT23: P | AW23: YES | AX23: YES | AY23: jsirikan@nip.co.th | AZ23: 45841 | BA23: anucha
A24: 20 | B24: 192.168.104.113 | C24: KF-AD-27 | D24: Security_Guard | E24: NK-NIPPO | F24: No | G24: PC Security_Guard | H24: Numphung Pothong | I24: Ms. Numphung Pothong | J24: AD - GA | K24: NK1 | L24: Guard House | M24: 2019 | N24: =2026-M24 -> 7 | O24: Dell Inc. | P24: OptiPlex 3060 | Q24: Intel(R) Core(TM) i5-8400 CPU @ 2.80GHz | R24: 2.80GHz | S24: 8192 | V24: 500 | W24: NVMe Samsung SSD 980 | X24: Dell | Y24: DELL E170S | Z24: 17 inch, Square | AA24: M875N04Q44PM | AB24: 8P23WV2 | AC24: 8P23WV2 | AD24: NKF-19-002-O 06/07 | AE24: NKF-12-005-O-01/02 | AF24: 6C-2B-59-D5-59-6F | AG24: Don't have | AH24: Windows 11 Professional Edition (x64) | AI24: 64 | AJ24: OEM | AK24: PR7VN-GBQVP-47C9H-DVQ2M-TXXTP | AL24: Microsoft Office Standard 2019 - en-us | AM24: Volume Licensing | AN24: V8TVB | AO24: Cybereason | AP24: 23.2.243.1 | AT24: P | AW24: YES | AX24: YES | AY24: pthapanee@nip.co.th | AZ24: 45841 | BA24: anucha
A25: 21 | B25: 192.168.104.28 | C25: KF-AD-29 | D25: siriphorn.m | E25: NK-NIPPO | F25: No | G25: PC | H25: Siriphorn Maithong | I25: Ms. Siriphorn Maithong | J25: AD - HRD | K25: NK1 | L25: Office Ad | M25: 2019 | N25: =2026-M25 -> 7 | O25: Dell Inc. | P25: OptiPlex 3060 | Q25: Intel(R) Core(TM) i5-8400 CPU @ 2.80GHz | R25: 2.80GHz | S25: 8192 | V25: 500 | W25: NVMe Samsung SSD 980 | X25: Lenovo | Y25: ThinkVision | Z25: 17 inch, Square | AA25: VNBRYDB | AB25: 8P2XVV2 | AC25: 8P2XVV2 | AD25: NKF-19-002-O 04/07 | AE25: NKF-12-044-O-01/02 | AF25: 6C-2B-59-D5-56-54 | AG25: Don't have | AH25: Windows 11 Professional Edition (x64) | AI25: 64 | AJ25: OEM | AK25: X89GH-TNDPV-K83H2-9JQGX-JXCKC | AL25: Microsoft Office Standard 2019 - en-us | AM25: Volume Licensing | AN25: V8TVB | AO25: Cybereason | AP25: 23.2.243.1 | AQ25: P | AR25: P | AT25: P | AW25: YES | AX25: YES | AY25: msiriphorn@nip.co.th | AZ25: 45841 | BA25: anucha
A26: 22 | B26: 192.168.104.215 | C26: KF-AD-31 | D26: amnat.k2 | E26: NK-NIPPO | F26: No | G26: PC | H26: Amnat Kunwandee | I26: Mr. Amnat Kunwandee | J26: AD - IT | K26: NK1 | L26: Office Ad | M26: 2019 | N26: =2026-M26 -> 7 | O26: Dell Inc. | P26: OptiPlex 3070 | Q26: Intel(R) Core(TM) i5-9500 CPU @ 3.00GHz | R26: 3.00GHz | S26: 8192 | V26: 500 | W26: Samsung SSD 980 500GB | X26: Lenovo | Y26: ThinkVision | Z26: 17 inch, Square | AA26: VNAXLTR, VNBAW77 | AB26: 6VJKB03 | AC26: 6VJKB03 | AD26: NKF-19-006-O 19/24 | AE26: NKF-10-061-O, KF6-11-031-O-01/02 | AF26: E4-54-E8-7D-FB-0E | AG26: Don't have | AH26: Windows 11 Professional Edition (x64) | AI26: 64 | AJ26: OEM | AK26: FNRJ4-6B32F-2XX94-TJMYF-BY49C | AL26: Microsoft Office Standard 2019 - en-us | AM26: Volume Licensing | AN26: KKY9Y | AO26: Cybereason | AP26: 23.2.243.1 | AR26: P | AT26: P | AU26: P | AW26: YES | AX26: YES | AY26: kamnat@nip.co.th | AZ26: 45841 | BA26: anucha
A27: 23 | B27: 192.168.104.104 | C27: KF-AD-32 | D27: bigbell.j | E27: NK-NIPPO | F27: No | G27: PC | H27: Bigbell Jaichobsunthia | I27: Ms. Bigbell Jaichobsunthia | J27: AD - IT | K27: NK1 | L27: Office Ad | M27: 2019 | N27: =2026-M27 -> 7 | O27: Dell Inc. | P27: OptiPlex 3070 | Q27: Intel(R) Core(TM) i5-9500 CPU @ 3.00GHz | R27: 3.00GHz | S27: 8192 | V27: 500 | W27: NVMe Samsung SSD 980 | X27: Dell | Y27: E170SC | Z27: 17 inch, Square | AA27: CN-0FHOXK-74261-238-0JPL | AB27: 6VVRB03 | AC27: 6VVRB03 | AD27: NKF-19-006-O 04/24 | AE27: KF5-09-010-O-02/03 | AF27: E4-54-E8-7D-7D-47 | AG27: Don't have | AH27: Windows 11 Professional Edition (x64) | AI27: 64 | AJ27: OEM | AK27: HGT2J-NRFDK-7C2XF-4QG3P-8XCKC | AL27: Microsoft Office Standard 2019 - en-us | AM27: Volume Licensing | AN27: V8TVB | AO27: Cybereason | AP27: 23.2.243.1 | AR27: P | AT27: P | AU27: P | AW27: YES | AX27: YES | AY27: jbigbell@nip.co.th | AZ27: 45841 | BA27: anucha
A28: 24 | B28: 192.168.104.117 | C28: KF-AD-33 | D28: anucha.l | E28: NK-NIPPO | F28: No | G28: PC | H28: Anucha Loket | I28: Mr. Anucha Loket | J28: AD - IT | K28: NK1 | L28: Office Ad | M28: 2019 | N28: =2026-M28 -> 7 | O28: Dell Inc. | P28: OptiPlex 3070 | Q28: Intel(R) Core(TM) i5-9500 CPU @ 3.00GHz | R28: 3.00GHz | S28: 8192 | V28: 500 | W28: NVMe Samsung SSD 980 | X28: HP,ACER | Y28: HP Compaq LA2306x, v173 | Z28: 23 inch-Wide,17 inch, Square | AA28: 3CQ216C8VG, MMLBYSS004235098044225 | AB28: 6V4SB03 | AC28: 6V4SB03 | AD28: NKF-19-006-O 05/24 | AE28: KF5-12-001-O, KF5-12-006-O | AF28: E4-54-E8-7D-FB-E0 | AG28: Don't have | AH28: Windows 11 Professional Edition (x64) | AI28: 64 | AJ28: OEM | AK28: HHHNT-WPK8T-FY8MC-9JT6T-H8RC2 | AL28: Microsoft Office Standard 2019 - en-us | AM28: Volume Licensing | AN28: V8TVB | AO28: Cybereason | AP28: 23.2.243.1 | AR28: P | AT28: P | AU28: P | AW28: YES | AX28: YES | AY28: lanucha@nip.co.th | AZ28: 45841 | BA28: anucha
A29: 25 | B29: 192.168.104.44 | C29: KF-AD-34 | D29: supichaya.jo | E29: NK-NIPPO | F29: No | G29: PC | H29: Supichaya Jornkokgroad | I29: Ms. Supichaya Jornkokgroad | J29: AD - AC | K29: NK1 | L29: Office Ad | M29: 2019 | N29: =2026-M29 -> 7 | O29: Dell Inc. | P29: OptiPlex 3070 | Q29: Intel(R) Core(TM) i5-9500 CPU @ 3.00GHz | R29: 3.00GHz | S29: 8192 | T29: 1024 | U29: ST1000DM010-2EP102 | V29: 500 | W29: Samsung SSD 980 500GB | X29: Lenovo | Y29: ThinkVision | Z29: 17 inch, Square | AA29: VNAXLVW | AB29: 6V9SB03 | AC29: 6V9SB03 | AD29: NKF-19-006-O 09/24 | AE29: NKF-10-069-O | AF29: E4-54-E8-7D-FB-0C | AG29: Don't have | AH29: Windows 11 Professional Edition (x64) | AI29: 64 | AJ29: OEM | AK29: XC2GN-84RPX-4VFCY-967Y4-R3KTP | AL29: Microsoft Office Standard 2019 - en-us | AM29: Volume Licensing | AN29: V8TVB | AO29: Cybereason | AP29: 23.2.243.1 | AR29: P | AT29: P | AU29: P | AW29: YES | AX29: YES | AY29: jsupichaya@nip.co.th | AZ29: 45841 | BA29: anucha
A30: 26 | B30: 192.168.104.39 | C30: KF-AD-35 | D30: rattanaphon.b | E30: NK-NIPPO | F30: No | G30: PC | H30: Rattanaphon Boonroj | I30: Ms. Rattanaphon Boonroj | J30: AD - AC | K30: NK1 | L30: Office Ad | M30: 2019 | N30: =2026-M30 -> 7 | O30: Dell Inc. | P30: OptiPlex 3070 | Q30: Intel(R) Core(TM) i5-9500 CPU @ 3.00GHz | R30: 3.00GHz | S30: 8192 | T30: 1024 | U30: Intel Optane+932GBHDD | X30: Lenovo | Y30: ThinkVision | Z30: 17 inch, Square | AA30: VNAXLTV | AB30: 6VFKB03 | AC30: 6VFKB03 | AD30: NKF-19-004-O 05/06 | AE30: NKF-10-074-O | AF30: E4-54-E8-7D-F9-C4 | AG30: Don't have | AH30: Windows 11 Professional Edition (x64) | AI30: 64 | AJ30: OEM | AK30: PH9NM-MTQJK-P8CCV-PVR6C-GQ722 | AL30: Microsoft Office Standard 2019 - en-us | AM30: Volume Licensing | AN30: KKY9Y | AO30: Cybereason | AP30: 23.2.243.1 | AR30: P | AT30: P | AW30: YES | AX30: YES | AY30: brattanaphon@nip.co.th | AZ30: 45841 | BA30: anucha
A31: 27 | B31: 192.168.104.41 | C31: KF-AD-36 | D31: warin.b | E31: NK-NIPPO | F31: No | G31: PC | H31: Warin Bunchanthuek | I31: Ms. Warin Bunchanthuek | J31: AD - AC | K31: NK1 | L31: Office Ad | M31: 2019 | N31: =2026-M31 -> 7 | O31: Dell Inc. | P31: OptiPlex 3070 | Q31: Intel(R) Core(TM) i5-9500 CPU @ 3.00GHz | R31: 3.00GHz | S31: 8192 | T31: 1024 | U31: Intel Optane+932GBHDD | X31: Lenovo | Y31: ThinkVision | Z31: 17 inch, Square | AA31: VNBNCP2 | AB31: 6W0KB03 | AC31: 6W0KB03 | AD31: NKF-19-004-O 03/06 | AE31: NKF-12-022-O-01/02 | AF31: E4-54-E8-7D-7A-51 | AG31: Don't have | AH31: Windows 11 Professional Edition (x64) | AI31: 64 | AJ31: OEM | AK31: NKHTP-RMJF7-W37GM-C2XDR-FC2KC | AL31: Microsoft Office Standard 2019 - en-us | AM31: Volume Licensing | AN31: KKY9Y | AO31: Cybereason | AP31: 23.2.243.1 | AR31: P | AT31: P | AW31: YES | AX31: YES | AY31: bwarin@nip.co.th | AZ31: 45841 | BA31: anucha
A32: 28 | B32: 192.168.104.42 | C32: KF-AD-37 | D32: sudaluk.b | E32: NK-NIPPO | F32: No | G32: PC | H32: Sudaluk Boonkaree | I32: Ms. Sudaluk Boonkaree | J32: AD - AC | K32: NK1 | L32: Office Ad | M32: 2019 | N32: =2026-M32 -> 7 | O32: Dell Inc. | P32: OptiPlex 3070 | Q32: Intel(R) Core(TM) i5-9500 CPU @ 3.00GHz | R32: 3.00GHz | S32: 8192 | T32: 1024 | U32: Intel Optane+932GBHDD | X32: Lenovo | Y32: ThinkVision | Z32: 17 inch, Square | AA32: VNAXLW9 | AB32: 6V3RB03 | AC32: 6V3RB03 | AD32: NKF-19-004-O 01/06 | AE32: NKF-10-070-O | AF32: E4-54-E8-7E-03-F6 | AG32: Don't have | AH32: Windows 11 Professional Edition (x64) | AI32: 64 | AJ32: OEM | AK32: JRMP4-WNHX4-YG8V8-7J7HM-8FG6P | AL32: Microsoft Office Standard 2019 - en-us | AM32: Volume Licensing | AN32: KKY9Y | AO32: Cybereason | AP32: 23.2.243.1 | AR32: P | AT32: P | AW32: YES | AX32: YES | AY32: bsudaluk@nip.co.th | AZ32: 46073 | BA32: Bancha
A33: 29 | B33: 192.168.104.116 | C33: KF-AD-38 | D33: chonthicha.p | E33: NK-NIPPO | F33: Yes | G33: PC | H33: Chonthicha Phaso | I33: Ms. Chonthicha Phaso | J33: AD - AC | K33: NK1 | L33: Office Ad | M33: 2019 | N33: =2026-M33 -> 7 | O33: Dell Inc. | P33: OptiPlex 3070 | Q33: Intel(R) Core(TM) i5-9500 CPU @ 3.00GHz | R33: 3.00GHz | S33: 8192 | T33: 1024 | U33: Intel Optane+932GBHDD | X33: Dell | Y33: E170SC | Z33: 17 inch, Square | AA33: CN-0M875N-64180-07T-1T1C | AB33: 6T6NB03 | AC33: 6T6NB03 | AD33: NKF-19-004-O 04/06 | AE33: KF4-10-028-O-01/02 | AF33: E4-54-E8-7D-FD-79 | AG33: Don't have | AH33: Windows 11 Professional Edition (x64) | AI33: 64 | AJ33: OEM | AK33: 7M3N7-83HMW-7MV4H-M6DMP-W2QGP | AL33: Microsoft Office Standard 2019 - en-us | AM33: Volume Licensing | AN33: KKY9Y | AO33: Cybereason | AP33: 23.2.243.1 | AR33: P | AT33: P | AW33: YES | AX33: YES | AY33: - | AZ33: 45841 | BA33: anucha
A34: 30 | B34: 192.168.104.132 | C34: KF-AD-40 | D34: weerawan.m | E34: NK-NIPPO | F34: No | G34: PC | H34: Weerawan Meekaew | I34: Ms. Weerawan Meekaew | J34: AD - AC | K34: NK1 | L34: Office Ad | M34: 2019 | N34: =2026-M34 -> 7 | O34: Dell Inc. | P34: OptiPlex 3070 | Q34: Intel(R) Core(TM) i5-9500 CPU @ 3.00GHz | R34: 3.00GHz | S34: 8192 | T34: 1024 | U34: ST1000DM010-2EP102 | V34: 500 | W34: Samsung SSD 980 500GB | X34: Dell | Y34: E170SC | Z34: 17 inch, Square | AA34: CN-0M875N-64180-07T-24FC | AB34: 6VGLB03 | AC34: 6VGLB03 | AD34: NKF-19-004-O 02/06 | AE34: NKF-10-041-O 01/02 | AF34: E4-54-E8-7E-05-17 | AG34: Don't have | AH34: Windows 11 Professional Edition (x64) | AI34: 64 | AJ34: OEM | AK34: GQNY9-JGHVJ-KT3VK-Y4JJ3-7T9TP | AL34: Microsoft Office Standard 2019 - en-us | AM34: Volume Licensing | AN34: KKY9Y | AO34: Cybereason | AP34: 23.2.243.1 | AR34: P | AT34: P | AW34: YES | AX34: YES | AY34: mweerawan@nip.co.th | AZ34: 45841 | BA34: anucha
A35: 31 | B35: 192.168.104.103 | C35: KF-AD-42 | D35: thanphitcha.a | E35: NK-NIPPO | F35: Yes | G35: PC | H35: Thanphitcha Akkara | I35: Ms. Thanphitcha Akkara | J35: AD - AC | K35: NK1 | L35: Office Ad | M35: 2019 | N35: =2026-M35 -> 7 | O35: Dell Inc. | P35: OptiPlex 3070 | Q35: Intel(R) Core(TM) i5-9500 CPU @ 3.00GHz | R35: 3.00GHz | S35: 8192 | V35: 500 | W35: NVMe Samsung SSD 980 | X35: Lenovo | Y35: L1711p | Z35: 17 inch, Square | AA35: VNAXLTT | AB35: 6VTJB03 | AC35: 6VTJB03 | AD35: NKF-19-006-O 23/24 | AE35: D-20-09-001 | AF35: E4-54-E8-7E-03-FC | AG35: Don't have | AH35: Windows 11 Professional Edition (x64) | AI35: 64 | AJ35: OEM | AK35: YK6RN-PJ4HT-XH8TP-WYFC6-D3WXC | AL35: Microsoft Office Standard 2019 - en-us | AM35: Volume Licensing | AN35: V8TVB | AO35: Cybereason | AP35: 23.2.243.1 | AR35: P | AT35: P | AW35: YES | AX35: YES | AY35: athanphitcha@nip.co.th | AZ35: 45841 | BA35: surachet
A36: 32 | B36: #N/A | C36: KF-AD-43 | D36: kf-ad-43 | E36: No Join Domain | F36: No | G36: PC Sound NK1 | H36: AD-IT (Sound NK1) | I36: Mr. Amnat Kunwandee | J36: AD - IT | K36: NK1 | L36: Server Room | M36: 2019 | N36: =2026-M36 -> 7 | O36: Dell Inc. | P36: OptiPlex 3070 | Q36: Intel(R) Core(TM) i5-9500 CPU @ 3.00GHz | R36: 3.00GHz | S36: 8192 | T36: 1024 | X36: Lenovo | Y36: 1708FPT | Z36: 17 inch, Square | AA36: CN-0PM061-71618-773-AMFJ | AB36: 6T0PB03 | AC36: 6T0PB03 | AD36: NKF-19-006-O 12/24 | AE36: KF1-07-009-O 01/02 | AF36: E4-54-E8-7D-FB-8B | AG36: Don't have | AH36: W. 11 Pro | AI36: 64 | AJ36: OEM | AK36: NV23R-8BY9F-DPXBR-PTTD8-6MT6P | AL36: #N/A | AM36: #N/A | AN36: KKY9Y | AO36: Windows Defender | AP36: - | AV36: 5S song | AW36: NO | AX36: NO | AY36: - | AZ36: 45841 | BA36: anucha | BB36: Offline
A37: 33 | B37: 192.168.200.177 | C37: KF-AD-44 | D37: PC | E37: NK-NIPPO | F37: No | G37: PC Sound NK2 | H37: AD-IT (Sound NK1) | I37: Mr. Amnat Kunwandee | J37: AD - IT | K37: NK2 | L37: Server Room | M37: 2019 | N37: =2026-M37 -> 7 | O37: Dell Inc. | P37: OptiPlex 3060 | Q37: Intel(R) Core(TM) i5-8400 CPU @ 2.80GHz | R37: 2.80GHz | S37: 8192 | V37: 240 | W37: KINGSTON SA400S37240G | X37: Dell | Y37: E170SC | Z37: 17 inch, Square | AA37: CN-0M875N-64180-01F-02MM | AB37: 8P20WV2 | AC37: 8P20WV2 | AD37: NKF-19-002-O 5/7 | AE37: NKF-10-002-O 01/02 | AF37: 6C-2B-59-D5-39-DB | AG37: Don't have | AH37: Windows 11 Professional Edition (x64) | AI37: 64 | AJ37: OEM | AK37: KJNCV-7T6VP-7VFJG-323B7-CYT6P | AL37: Microsoft Office Standard 2019 - en-us | AM37: Volume Licensing | AN37: V8TVB | AO37: Cybereason | AP37: 23.2.243.1 | AT37: P | AU37: P | AW37: YES | AX37: NO | AY37: - | AZ37: 45841 | BA37: anucha
A38: 34 | B38: 192.168.104.246 | C38: KF-AD-51 | D38: weeraya.t | E38: NK-NIPPO | F38: No | G38: PC | H38: Weeraya Thongking | I38: Ms. Weeraya Thongking | J38: AD - IT | K38: NK1 | L38: Office Ad | M38: 2019 | N38: =2026-M38 -> 7 | O38: Dell Inc. | P38: OptiPlex 3070 | Q38: Intel(R) Core(TM) i5-9500 CPU @ 3.00GHz | R38: 3.00GHz | S38: 16384 | V38: 500 | W38: NVMe Samsung SSD 980 | X38: Lenovo,Dell | Y38: ThinkVision,E1715S | Z38: 17 inch, Square | AA38: VNB75RT,CN-06FDC0-TV100-328-00PU-A17 | AB38: 6VXKB03 | AC38: 6VXKB03 | AD38: NKF-19-006-O 11/24 | AE38: NKF-11-036-O-01/02,NKF-23-009-O 02/02 | AF38: E4-54-E8-7D-7D-40 | AG38: Don't have | AH38: Windows 11 Professional Edition (x64) | AI38: 64 | AJ38: OEM | AK38: K6MYV-HDN6V-YBR4T-VG448-4VV22 | AL38: Microsoft Office Standard 2019 - en-us | AM38: Volume Licensing | AN38: MDYDR | AO38: Cybereason | AP38: 23.2.243.1 | AR38: P | AU38: P | AW38: YES | AX38: YES | AY38: - | AZ38: 45841 | BA38: anucha
A39: 35 | B39: 10.10.110.18 | C39: KF-AD-52 | D39: - | E39: NK-NIPPO | F39: Yes | G39: NB | H39: - | I39: - | J39: AD | K39: NK1 | L39: Office Ad | M39: 2023 | N39: =2026-M39 -> 3 | O39: Dell Inc. | P39: Latitude 7330 | Q39: 12th Gen Intel(R) Core(TM) i5-1245U | R39: 1.60 GHz | S39: 16384 | V39: 512 | W39: NVMe CL4-3D512-Q11 NVMe SSSTC 512GB | X39: Don't have | Y39: Don't have | Z39: Don't have | AA39: Don't have | AB39: BTL71T3 | AC39: BTL71T3 | AD39: ยังไม่ติดสติกเกอร์ | AE39: Don't have | AF39: 00-09-0F-FE-00-01 | AG39: F4-CE-23-B6-3D-BB | AH39: Windows 11 Professional Edition (x64) | AI39: 64 | AJ39: OEM | AK39: 33QXX-NCCGF-TJ63K-6282C-BTDW6 | AL39: Microsoft Office Home and Business 2021 - en-us | AM39: Full Package Products | AN39: X2HMD | AO39: Cybereason | AP39: 23.2.243.1 | AT39: P | AU39: P | AV39: Cisco meeting,ForitClicent VPN | AW39: YES | AX39: YES | AY39: ynakanishi@nip.co.jp | AZ39: 45841 | BA39: anucha
A40: 36 | B40: 192.168.3.2 | C40: KF-AD-56 | D40: kf-ad-56 | E40: NK-NIPPO | F40: No | G40: PC | H40: AD-IT | I40: Mr. Amnat Kunwandee | J40: AD-IT | K40: NK2 | L40: Server Room | M40: 2023 | N40: =2026-M40 -> 3 | O40: Dell Inc. | P40: OptiPlex SFF 7010 | Q40: 13th Gen Intel(R) Core(TM) i5-13500 | R40: 2.5 GHz | S40: 32768 | T40: 1024 | U40: WDC WD10EZEX-75WN4A1 | V40: 238 | W40: NVMe PM9B1 NVMe Samsung 256GB | X40: Dell | Y40: E1715S | Z40: 17 inch, Square | AA40: CN-06FDC0-TV100-37B-0KGU-A17 | AB40: 78ZMLY3 | AC40: 78ZMLY3 | AD40: ซื้อ 30 Oct 23 | AE40: ซื้อ 30 Oct 23 | AF40: CC-96-E5-2C-8F-FB | AG40: B0-DC-EF-9B-89-DA | AH40: Windows 11 Professional Edition (x64) | AI40: 64 | AJ40: OEM | AK40: NQ8CK-7MQ94-FMQ27-6D9WW-YP22T | AL40: Microsoft Office Home and Business 2021 - en-us | AM40: Full Package Products | AN40: F662Z | AO40: Cybereason | AP40: 23.2.243.1 | AU40: P | AW40: YES | AX40: NO | AY40: - | AZ40: 45841 | BA40: anucha
A41: 37 | B41: 192.168.123.79 | C41: KF-AD-57 | D41: kf-ad-57 | E41: NK-NIPPO | F41: Yes | G41: NB | H41: AD-IT (Support MRP) | I41: #N/A | J41: AD-IT | K41: NK1 | L41: Office Ad | M41: 2024 | N41: =2026-M41 -> 2 | O41: Dell Inc. | P41: Latitude 3540 | Q41: 13th Gen Intel(R) Core(TM) i5-1335U | R41: 4.6GHz | S41: 16384 | V41: 500 | W41: NVMe PM9B1 NVMe Samsung 512GB | AB41: D8Q2PX3 | AC41: D8Q2PX3 | AF41: 4C-D7-17-7C-C9-04 | AG41: D4-E9-8A-B0-3F-65 | AH41: Windows 11 Professional Edition (x64) | AI41: 64 | AJ41: OEM | AK41: N29DH-DMM26-KV92K-996CM-X4TPT | AL41: Microsoft Office Home and Business 2021 - en-us | AM41: Full Package Products | AN41: WVHRJ-XPXDR-FMFWD-DC9Q3-GVXYZ | AO41: Cybereason | AP41: 23.2.243.1 | AR41: P | AW41: YES | AX41: NO | AY41: - | AZ41: 45841 | BA41: anucha
A42: 38 | B42: 192.168.123.86 | C42: KF-AD-58 | D42: kf-ad-58 | E42: NK-NIPPO | F42: Yes | G42: NB | H42: AD-IT (Support MRP) | I42: #N/A | J42: AD-IT | K42: NK1 | L42: Office Ad | M42: 2024 | N42: =2026-M42 -> 2 | O42: Dell Inc. | P42: Latitude 3540 | Q42: 13th Gen Intel(R) Core(TM) i5-1335U | R42: 4.6GHz | S42: 16384 | V42: 500 | W42: NVMe 2550 Micron 512GB | AB42: DZVWLX3 | AC42: DZVWLX3 | AF42: 28-00-AF-9A-FD-20 | AG42: 28-C5-D2-DD-D4-CF | AH42: Windows 11 Professional Edition (x64) | AI42: 64 | AJ42: OEM | AK42: 42XGF-DNTYR-FYX82-WXV8D-49C2T | AL42: Microsoft Office Home and Business 2021 - en-us | AM42: Full Package Products | AN42: 63XPF-TRC6C-VJKJJ-RTHPC-QK96Z | AO42: Cybereason | AP42: 23.2.243.1 | AR42: P | AW42: YES | AX42: NO | AY42: - | AZ42: 45841 | BA42: anucha
A43: 39 | B43: 192.168.123.107 | C43: KF-AD-59 | D43: kf-ad-59 | E43: NK-NIPPO | F43: Yes | G43: NB | H43: AD-IT (Support MRP) | I43: #N/A | J43: AD-IT | K43: NK1 | L43: Office Ad | M43: 2024 | N43: =2026-M43 -> 2 | O43: Dell Inc. | P43: Latitude 3540 | Q43: 13th Gen Intel(R) Core(TM) i5-1335U | R43: 4.6GHz | S43: 16384 | V43: 500 | W43: NVMe PM9B1 NVMe Samsung 512GB | AB43: 59Q2PX3 | AC43: 59Q2PX3 | AF43: 4C-D7-17-7C-C8-B4 | AG43: D4-E9-8A-82-89-49 | AH43: Windows 11 Professional Edition (x64) | AI43: 64 | AJ43: OEM | AK43: DNYXR-6B428-XW49D-TCJD8-GVKCT | AL43: Microsoft Office Home and Business 2021 - en-us | AM43: Full Package Products | AN43: 4D3K7-JYKPR-XMK3F-PPDRT-DTGMZ | AO43: Cybereason | AP43: 23.2.243.1 | AR43: P | AW43: YES | AX43: NO | AY43: - | AZ43: 45841 | BA43: anucha
A44: 40 | B44: 192.168.100.157 | C44: KF-AD-60 | D44: nk1vip3 | E44: NK-NIPPO | F44: Yes | G44: PC | H44: AD-IT | I44: Mr. Amnat Kunwandee | J44: AD | K44: NK1 | L44: Director Room | M44: 2025 | N44: =2026-M44 -> 1 | O44: Dell Inc. | P44: OptiPlex SFF 7020 | Q44: Intel(R) Core(TM) i5-14500 | R44: 5.00 GHz | S44: 16384 | V44: 512 | W44: NVMe BG6 KIOXIA 512GB | X44: Sony | Y44: KDL-55HX750 | Z44: 55 inch, Wide | AA44: 3693223 | AB44: 6T1K874 | AC44: 6T1K874 | AF44: D8-9E-F3-23-9F-52 | AG44: Don't have | AH44: Windows 11 Professional Edition (x64) | AI44: 64 | AJ44: OEM | AK44: MFQJM-DR4WX-HKV49-HP4H7-4CTPZ | AL44: Microsoft Office Home and Business 2024 - en-us | AM44: Full Package Products | AN44: MFQJM-DR4WX-HKV49-HP4H7-4CTPZ | AO44: Cybereason | AP44: 23.2.243.1 | AU44: P | AV44: Zoom Workplace | AW44: YES | AX44: YES | AY44: nk1vip3@nip.co.th | AZ44: 45841 | BA44: kitinan
A45: 41 | B45: 192.168.100.151 | C45: KF-AD-61 | D45: nk1conference2 | E45: NK-NIPPO | F45: No | G45: PC | H45: AD-IT | I45: Mr. Amnat Kunwandee | J45: AD | K45: NK1 | L45: Conference Room 2 | M45: 2025 | N45: =2026-M45 -> 1 | O45: Dell Inc. | P45: OptiPlex SFF 7020 | Q45: Intel(R) Core(TM) i5-14500 | R45: 5.00 GHz | S45: 16384 | V45: 512 | W45: NVMe BG6 KIOXIA 512GB | X45: Dell | Y45: E170SC | Z45: 17 inch, Square | AA45: Q40G17N-700-26B XY | AB45: HK2J874 | AC45: HK2J874 | AF45: D8-9E-F3-23-A0-77 | AG45: Don't have | AH45: Windows 11 Professional Edition (x64) | AI45: 64 | AJ45: OEM | AK45: 9GFWM-X72RP-TTX2R-JWKMV-VCC6Z | AL45: Microsoft Office Home and Business 2024 - en-us | AM45: Full Package Products | AN45: 9GFWM-X72RP-TTX2R-JWKMV-VCC6Z | AO45: Cybereason | AP45: 23.2.243.1 | AU45: P | AV45: Zoom | AW45: YES | AX45: NO | AY45: - | AZ45: 45841 | BA45: kittinan
A46: 42 | B46: 192.168.200.190 | C46: KF-AD-62 | D46: nk2lecture3 | E46: NK-NIPPO | F46: No | G46: PC | H46: AD-IT | I46: Mr. Amnat Kunwandee | J46: AD | K46: NK2 | L46: Lecture 3 Room | M46: 2025 | N46: =2026-M46 -> 1 | O46: Dell Inc. | P46: OptiPlex SFF 7020 | Q46: Intel(R) Core(TM) i5-14500 | R46: 5.00 GHz | S46: 16384 | V46: 512 | W46: NVMe BG6 KIOXIA 512GB | X46: Dell | Y46: E177FPC | Z46: 17 inch, Square | AA46: CN-OFJ179-6480-746-0L4C | AB46: GK2J874 | AC46: GK2J874 | AF46: D8-9E-F3-23-28-94 | AG46: Don't have | AH46: Windows 11 Professional Edition (x64) | AI46: 64 | AJ46: OEM | AK46: H7FMV-7VCFM-G7QHJ-G96XD-CMYDZ | AL46: Microsoft Office Home and Business 2024 - en-us | AM46: Full Package Products | AN46: H7FMV-7VCFM-G7QHJ-G96XD-CMYDZ | AO46: Cybereason | AP46: 23.2.243.1 | AU46: P | AV46: Zoom | AW46: YES | AX46: NO | AY46: - | AZ46: 45841 | BA46: kitinan
A47: 43 | B47: #N/A | C47: KF-AD-63 | D47: nk1dormotory | E47: NK-NIPPO | F47: No | G47: PC | H47: AD-IT | I47: Mr. Amnat Kunwandee | J47: AD - IT | K47: DOM02 | L47: Dom02 | M47: 2025 | N47: =2026-M47 -> 1 | O47: Dell Inc. | P47: OptiPlex SFF 7020 | Q47: Intel(R) Core(TM) i5-14500 | R47: 5.00 GHz | S47: 16384 | V47: 512 | W47: NVMe BG6 KIOXIA 512GB | X47: Panasonic | Y47: Projector | Z47: Projector | AA47: Don't have | AB47: 7NDJ874 | AC47: 7NDJ874 | AF47: D8-9E-F3-23-A1-EC | AG47: Don't have | AH47: Windows 11 Professional Edition (x64) | AI47: 64 | AJ47: OEM | AK47: 4XKDH-GTHTM-KX242-2KKD2-YGJTZ | AL47: Microsoft Office Home and Business 2024 - en-us | AM47: Full Package Products | AN47: YDCCV-2HGGT-49PPH-RGX4Y-CXDRZ | AO47: Cybereason | AP47: 23.2.243.1 | AV47: Zoom Workplace | AW47: NO | AX47: NO | AY47: - | AZ47: 45841 | BA47: kittiana | BB47: Offline
A48: 44 | B48: 192.168.104.141 | C48: KF-AD-64 | D48: Kittisak.k | E48: NK-NIPPO | F48: No | G48: PC | H48: AD-IT | I48: Mr. Kittisak Khamthanet | J48: AD - IT | K48: NK1 | L48: Office Ad | M48: 2025 | N48: =2026-M48 -> 1 | O48: Dell Inc. | P48: OptiPlex SFF 7020 | Q48: Intel(R) Core(TM) i5-14500 | R48: 5.00 GHz | S48: 16384 | V48: 512 | W48: NVMe BG6 KIOXIA 512GB | X48: Lenovo | Y48: ThinkVision | Z48: 17 inch, Square | AA48: VNAXLXG | AB48: HQQJ874 | AC48: HQQJ874 | AF48: D8-9E-F3-23-96-20 | AG48: Don't have | AH48: Windows 11 Professional Edition (x64) | AI48: 64 | AJ48: OEM | AK48: M6C2Y-TM6GH-GVPXW-QCWFM-7GYDZ | AL48: Microsoft Office Home and Business 2024 - en-us | AM48: Full Package Products | AN48: M6C2Y-TM6GH-GVPXW-QCWFM-7GYDZ | AO48: Cybereason | AP48: 23.2.243.1 | AQ48: P | AW48: YES | AX48: NO | AY48: - | AZ48: 45841 | BA48: kittinan
A49: 45 | B49: 192.168.104.141 | C49: KF-AD-65 | D49: korapat.s | E49: NK-NIPPO | F49: No | G49: PC | H49: Korapat Srichum | I49: Ms. Korapat Srichum | J49: AD - HRD | K49: NK1 | L49: Office Ad | M49: 2025 | N49: =2026-M49 -> 1 | O49: Dell Inc. | P49: OptiPlex SFF 7020 | Q49: Intel(R) Core(TM) i5-14500 | R49: 5.00 GHz | S49: 16384 | V49: 512 | W49: NVMe BG6 KIOXIA 512GB | X49: Dell | Y49: E170SC | Z49: 17 inch, Square | AA49: CN-0M875N-64180-06J-3JKU | AB49: 7T1K874 | AC49: 7T1K874 | AF49: D8-9E-F3-23-9D-F3 | AG49: Don't have | AH49: Windows 11 Professional Edition (x64) | AI49: 64 | AJ49: OEM | AK49: RMPC7-XVPVF-6R32W-TCXJX-P4W2Z | AL49: Microsoft Office Home and Business 2024 - en-us | AM49: Full Package Products | AN49: RMPC7-XVPVF-6R32W-TCXJX-P4W2Z | AO49: Cybereason | AP49: 23.2.243.1 | AQ49: P | AT49: P | AW49: YES | AX49: YES | AY49: skorapat@nip.co.th | AZ49: 45841 | BA49: kittinan
A50: 46 | B50: 192.168.104.138 | C50: KF-AD-66 | D50: - | E50: NK-NIPPO | F50: No | G50: PC | H50: - | I50: #N/A | J50: AD - GA | K50: NK1 | L50: Office Ad | M50: 2025 | N50: =2026-M50 -> 1 | O50: Dell Inc. | P50: OptiPlex SFF 7020 | Q50: Intel(R) Core(TM) i5-14500 | R50: 5.00 GHz | S50: 16384 | V50: 512 | W50: NVMe BG6 KIOXIA 512GB | X50: Lenovo | Y50: ThinkVision | Z50: 17 inch, Square | AA50: VNAXLX3 | AB50: 8T1K874 | AC50: 8T1K874 | AF50: D8-9E-F3-23-9D-F7 | AG50: Don't have | AH50: Windows 11 Professional Edition (x64) | AI50: 64 | AJ50: OEM | AK50: WWTQP-GYMXY-7DXHR-K7M2C-Q94RZ | AL50: Microsoft Office Home and Business 2024 - en-us | AM50: Full Package Products | AN50: WWTQP-GYMXY-7DXHR-K7M2C-Q94RZ | AO50: Cybereason | AP50: 23.2.243.1 | AQ50: P | AW50: YES | AX50: NO | AY50: - | AZ50: 45841 | BA50: kittinan
A51: 47 | B51: 192.168.104.121 | C51: KF-AD-67 | D51: thapanee.p | E51: NK-NIPPO | F51: Yes | G51: PC | H51: Thapanee Pungpao | I51: Ms. Thapanee Pungpao | J51: AD - HRD | K51: NK1 | L51: Office Ad | M51: 2025 | N51: =2026-M51 -> 1 | O51: Dell Inc. | P51: OptiPlex SFF 7020 | Q51: Intel(R) Core(TM) i5-14500 | R51: 5.00 GHz | S51: 16384 | V51: 512 | W51: NVMe BG6 KIOXIA 512GB | X51: Lenovo | Y51: ThinkVision | Z51: 17 inch, Square | AA51: VN-BTMG6 | AB51: JK2J874 | AC51: JK2J874 | AF51: AC-B4-80-36-6D-00 | AG51: 24-EB-16-85-8F-9F | AH51: Windows 11 Professional Edition (x64) | AI51: 64 | AJ51: OEM | AK51: YHT43-NV8TB-7TPWT-HH2YC-2DK86 | AL51: Microsoft Office Home and Business 2024 - en-us | AM51: Full Package Products | AN51: 79G7J-HHQWY-M3C2H-9MM3F-HY4RZ | AO51: Cybereason | AP51: 23.2.243.1 | AW51: YES | AX51: YES | AY51: - | AZ51: 45841 | BA51: anucha
A52: 48 | B52: 192.168.104.43 | C52: KF-AD-68 | D52: nittaya.d | E52: NK-NIPPO | F52: No | G52: PC | H52: Nittaya Dungkokkluad | I52: Ms. Nittaya Dungkokkluad | J52: AD - AC | K52: NK1 | L52: Office Ad | M52: 2025 | N52: =2026-M52 -> 1 | O52: Dell Inc. | P52: OptiPlex SFF 7020 | Q52: Intel(R) Core(TM) i5-14500 | R52: 5.00 GHz | S52: 16384 | V52: 512 | W52: NVMe BG6 KIOXIA 512GB | X52: Dell | Y52: E170SC | Z52: 17 inch, Square | AA52: CN-0M875N-641-80-99P-7A1c | AB52: GQQJ874 | AC52: GQQJ874 | AF52: D8-9E-F3-23-9E-1D | AG52: Don't have | AH52: Windows 11 Professional Edition (x64) | AI52: 64 | AJ52: OEM | AK52: 42W3P-J4GCD-GMPVG-Y2Q2F-PHRTZ | AL52: Microsoft Office Home and Business 2024 - en-us | AM52: Full Package Products | AN52: 42W3P-J4GCD-GMPVG-Y2Q2F-PHRTZ | AO52: Cybereason | AP52: 23.2.243.1 | AR52: P | AT52: P | AW52: YES | AX52: YES | AY52: dnittaya@nip.co.th | AZ52: 45841 | BA52: kittinan
A53: 49 | B53: 192.168.104.49 | C53: KF-AD-69 | D53: wasana.i | E53: NK-NIPPO | F53: No | G53: PC | H53: Wasana Inkong | I53: Ms. Wasana Inkong | J53: AD - AC | K53: NK1 | L53: Office Ad | M53: 2025 | N53: =2026-M53 -> 1 | O53: Dell Inc. | P53: OptiPlex SFF 7020 | Q53: Intel(R) Core(TM) i5-14500 | R53: 5.00 GHz | S53: 16384 | V53: 512 | W53: NVMe BG6 KIOXIA 512GB | X53: Lenovo | Y53: L1711p | Z53: 17 inch, Square | AA53: VNBCWHL | AB53: 6NDJ874 | AC53: 6NDJ874 | AD53: NKF-18-008-O | AE53: D-20-09-001 | AF53: D8-9E-F3-23-9F-7B | AG53: Don't have | AH53: Windows 11 Professional Edition (x64) | AI53: 64 | AJ53: OEM | AK53: WHCR9-9F4CG-PWKHY-7CT2G-DF73Z | AL53: Microsoft Office Home and Business 2024 - en-us | AM53: Full Package Products | AN53: WHCR9-9F4CG-PWKHY-7CT2G-DF73Z | AO53: Cybereason | AP53: 23.2.243.1 | AR53: P | AW53: YES | AX53: YES | AY53: iwasana@nip.co.th | AZ53: 45841 | BA53: kittinan
A54: 50 | B54: #N/A | C54: KF-AD-70 | D54: bancha.p | E54: NK-NIPPO | F54: No | G54: PC | H54: AD-IT | I54: Mr. Bancha Praphosri | J54: AD - IT | K54: NK2 | L54: Server Room | M54: 2025 | N54: =2026-M54 -> 1 | O54: Dell Inc. | P54: OptiPlex SFF 7020 | Q54: Intel(R) Core(TM) i5-14500 | R54: 5.00 GHz | S54: 16384 | V54: 512 | W54: NVMe BG6 KIOXIA 512GB | X54: Dell | Y54: Don't have | Z54: Don't have | AA54: Don't have | AB54: 8NDJ874 | AC54: 8NDJ874 | AF54: D8-9E-F3-23-C2-0F | AG54: Don't have | AH54: Windows 11 Professional Edition (x64) | AI54: 64 | AJ54: OEM | AK54: YDCCV-2HGGT-49PPH-RGX4Y-CXDRZ | AL54: Microsoft Office Home and Business 2024 - en-us | AM54: Full Package Products | AN54: YDCCV-2HGGT-49PPH-RGX4Y-CXDRZ | AO54: Cybereason | AP54: 23.2.243.1 | AW54: NO | AX54: NO | AY54: - | AZ54: 45841 | BA54: kittinan | BB54: Offline
A55: 51 | B55: 192.168.123.94 | C55: KF-AD-71 | D55: notebook02 | E55: NK-NIPPO | F55: Yes | G55: NB | H55: AD-IT | I55: Mr. Amnat Kunwandee | J55: AD - IT | K55: NK1 | L55: Office Ad | M55: 2025 | N55: =2026-M55 -> 1 | O55: Dell Inc. | P55: Latitude 3550 | Q55: 13th Gen Intel(R) Core(TM) i7-1355U | R55: 5.00 GHz | S55: 16384 | V55: 512 | W55: NVMe PC SN5000S WD 512GB | X55: Don't have | Y55: Don't have | Z55: Don't have | AA55: Don't have | AB55: 2DVLW74 | AC55: 2DVLW74 | AF55: 0C-54-15-D4-0E-F0 | AG55: 0C-54-15-D4-0E-EF | AH55: Windows 11 Professional Edition (x64) | AI55: 64 | AJ55: OEM | AK55: T42MJ-G93CW-X94GV-GCMGT-46X7Z | AL55: Microsoft Office Home and Business 2024 - en-us | AM55: Full Package Products | AN55: T42MJ-G93CW-X94GV-GCMGT-46X7Z | AO55: Cybereason | AP55: 23.2.243.1 | AR55: P | AU55: P | AW55: YES | AX55: NO | AY55: - | AZ55: 45841 | BA55: kittinan
A56: 52 | B56: 172.17.99.1,10.10.110.13 | C56: KF-AD-72 | D56: anucha.l | E56: NK-NIPPO | F56: Yes | G56: NB | H56: AD-IT | I56: Mr. Amnat Kunwandee | J56: AD-IT | K56: NK1 | L56: Office Ad | M56: 2022 | N56: =2026-M56 -> 4 | O56: Dell Inc. | P56: Latitude 7320 | Q56: 11th Gen Intel(R) Core(TM) i5-1135G7 @ 2.40GHz | R56: 2.40GHz | S56: 16384 | V56: 512 | W56: KBG40ZNS512G NVMe KIOXIA 512GB | X56: Don't have | Y56: Don't have | Z56: Don't have | AA56: Don't have | AB56: 9ZS43M3 | AC56: 9ZS43M3 | AD56: NKF-22-002-O | AE56: Don't have | AF56: 00-09-0F-AA-00-01 | AG56: 74-04-F1-4C-32-95 | AH56: Windows 11 Professional Edition (x64) | AI56: 64 | AJ56: OEM | AK56: G7J9N-RYQC8-T78BD-PJ3MC-KW3W6 | AL56: Microsoft Office LTSC Standard 2021 - en-us | AM56: Volume Licensing | AN56: 8MCC7 | AO56: Cybereason | AP56: 23.2.243.1 | AU56: P | AV56: IBM | AW56: YES | AX56: YES | AY56: - | AZ56: 45877 | BA56: anucha
A57: 53 | B57: 192.168.80.58 | C57: KF-AD-73 | D57: tattiya.m | E57: NK-NIPPO | F57: Yes | G57: NB | H57: Tattiya Mongkutkhonburi | I57: Ms. Tattiya Mongkutkhonburi | J57: BC CENTER | K57: NK2 | L57: W/H FINISH GOOD SLIT | M57: 2019 | N57: =2026-M57 -> 7 | O57: HP | P57: HP Laptop 15s-fq1xxx | Q57: Intel(R) Core(TM) i5-1035G1 CPU @ 1.00GHz | R57: 1.00GHz | S57: 8192 | V57: 512 | W57: SAMSUNG MZVLB512HAJQ-000H1 | X57: Don't have | Y57: Don't have | Z57: Don't have | AA57: Don't have | AB57: 5CD939FDQ5 | AC57: 5CD939FDQ5 | AD57: KF-19-001-O | AE57: Don't have | AF57: AE-D5-64-D5-4F-AE | AG57: AC-D5-64-D5-4F-AD | AH57: Windows 11 Professional Edition (x64) | AI57: 64 | AJ57: OEM | AK57: 8XYTN-CN64F-DKBB3-4BC4P-TMT6R | AL57: Microsoft Office Standard 2019 - en-us | AM57: Volume Licensing | AN57: V8TVB | AO57: Cybereason | AP57: 23.2.243.1 | AR57: P | AT57: P | AU57: P | AV57: Zoom | AW57: YES | AX57: NO | AY57: - | AZ57: 45841 | BA57: anucha | BB57: เปลี่ยนชื่อจาก KF-AD-50
A58: 54 | B58: 192.168.123.178 | C58: KF-AD-74 | D58: tsuchiya.y | E58: NK-NIPPO | F58: Yes | G58: NB | H58: Yoshine Tsuchiya | I58: Mr. Yoshine Tsuchiya | J58: AD | K58: NK1 | L58: Office AD | M58: 2026 | N58: =2026-M58 -> 0 | O58: Dell Inc. | P58: Essential PV14250 | Q58: Intel(R) Core(TM) 5 120U | R58: 5.00 GHz | S58: 16384 | V58: 512 | W58: NVMe PC_SN5000S SanDisk 512GB | X58: Don't have | Y58: Don't have | Z58: Don't have | AA58: Don't have | AB58: 5S3JQF4 | AC58: 5S3JQF4 | AF58: Don't have | AG58: 08:F9:7E:48:B0:64 | AH58: Windows 11 Professional Edition (x64) | AI58: 64 | AJ58: OEM | AO58: Cybereason | AP58: 23.2.243.1 | AW58: YES | AZ58: 46053 | BA58: Bancha
A59: 55 | B59: 192.168.123.104 | C59: KF-AD-75 | D59: nk1_aid | E59: NK-NIPPO | F59: Yes | G59: NB | H59: AD-IT | I59: Mr. Amnat Kunwandee | J59: AD-IT | K59: NK1 | L59: Office AD | M59: 2021 | N59: =2026-M59 -> 5 | O59: Dell Inc. | P59: Latitude 3520 | Q59: 11th Gen Intel(R) Core(TM) i5-1135G7 @ 2.40GHz | R59: 2.40GHz | S59: 8192 | T59: 1024 | U59: TOSHIBA MQ04ABF100 | V59: 256 | W59: NVMe BC711 NVMe SK hynix 256GB | X59: Don't have | Y59: Don't have | Z59: Don't have | AA59: Don't have | AB59: 899FGG3 | AC59: 899FGG3 | AD59: NKF-21-007-O | AE59: Don't have | AF59: Don't have | AG59: 7C-70-DB-3F-01-65 | AH59: Windows 11 Professional Edition (x64) | AI59: 64 | AJ59: OEM | AK59: FNR9D-6F7BW-HVDHJ-CC9RK-FRG6P | AL59: Microsoft Office Standard 2019 - en-us | AM59: Volume Licensing | AN59: X2HMD | AO59: Cybereason | AP59: 23.2.243.1 | AW59: YES | AX59: NO | AY59: - | AZ59: 45841 | BA59: anucha
A60: 56 | B60: 192.168.123.225 | C60: KF-AD-76 | D60: nk2_aid | E60: NK-NIPPO | F60: Yes | G60: NB | H60: AD-IT | I60: Mr. Amnat Kunwandee | J60: AD-IT | K60: NK1 | L60: Office Center | M60: 2023 | N60: =2026-M60 -> 3 | O60: Dell Inc. | P60: Latitude 7330 | Q60: 12th Gen Intel(R) Core(TM) i5-1245U | R60: 1.60GHz | S60: 16384 | V60: 512 | W60: NVMe CL4-3D512-Q11 NVMe SSSTC 512GB | X60: Don't have | Y60: Don't have | Z60: Don't have | AA60: Don't have | AB60: 3J942T3 | AC60: 3J942T3 | AD60: ยังไม่ติดสติกเกอร์ | AE60: ยังไม่ติดสติกเกอร์ | AF60: Don't have | AG60: 00-D4-9E-D7-19-91 | AH60: Windows 11 Professional Edition (x64) | AI60: 64 | AJ60: OEM | AK60: TXWNM-KK3J8-QR2FP-3HGYQ-T6P2T | AL60: Microsoft Office Home and Business 2021 - en-us | AM60: Full Package Products | AN60: X2HMD | AO60: Cybereason | AP60: 23.2.243.1 | AR60: P | AT60: P | AW60: YES | AX60: NO | AY60: - | AZ60: 45841 | BA60: anucha | BB60: เก็บคืนจากพี่ Vuthicha 04/07/2025
A61: 57 | B61: 192.168.20.200 | C61: KF-AU-02 | D61: samitanun.sa | E61: NK-NIPPO | F61: No | G61: PC | H61: Samitanun Sangkhabut | I61: Ms. Samitanun Sangkhabut | J61: BC CENTER | K61: NK1 | L61: Office Center | M61: 2019 | N61: =2026-M61 -> 7 | O61: Dell Inc. | P61: OptiPlex 3070 | Q61: Intel(R) Core(TM) i5-9500 CPU @ 3.00GHz | R61: 3.00GHz | S61: 8192 | V61: 500 | W61: NVMe Samsung SSD 980 | X61: Dell | Y61: E2016HV | Z61: 19.45 Inch, Wide | AA61: FCC00-1BQ-DPNI-A14 | AB61: 6SQPB03 | AC61: 6SQPB03 | AD61: KF1-19-003-O-08/08 | AE61: KF1-22-001-O | AF61: E4-54-E8-7E-1F-F2 | AG61: Don't have | AH61: Windows 11 Professional Edition (x64) | AI61: 64 | AJ61: OEM | AK61: DBBWB-BNVHD-CHC88-GJT36-WXCKC | AL61: Microsoft Office Standard 2019 - en-us | AM61: Volume Licensing | AN61: V8TVB | AO61: Cybereason | AP61: 23.2.243.1 | AR61: P | AT61: P | AW61: YES | AX61: YES | AY61: ssamitanan@nip.co.th | AZ61: 45841 | BA61: anucha
A62: 58 | B62: 192.168.20.43 | C62: KF-AU-04 | D62: chalemsak.r | E62: NK-NIPPO | F62: No | G62: PC | H62: Chalemsak Roongruang | I62: Mr. Chalemsak Roongruang | J62: BC CENTER | K62: NK1 | L62: Office Center | M62: 2019 | N62: =2026-M62 -> 7 | O62: Dell Inc. | P62: OptiPlex 3070 | Q62: Intel(R) Core(TM) i5-9500 CPU @ 3.00GHz | R62: 3.00GHz | S62: 8192 | T62: 1024 | U62: Intel Optane+932GBHDD | X62: Dell | Y62: ThinkVision | Z62: 17 inch, Square | AA62: VNB8R1G | AB62: 6SQKB03 | AC62: 6SQKB03 | AD62: KF1-19-003-O-06/08 | AE62: KF3-11-014-O-01/02 | AF62: E4-54-E8-7E-1F-B2 | AG62: Don't have | AH62: Windows 11 Professional Edition (x64) | AI62: 64 | AJ62: OEM | AK62: DMHRW-PHNCY-WWPF6-7F87Q-DV66P | AL62: Microsoft Office Standard 2019 - en-us | AM62: Volume Licensing | AN62: V8TVB | AO62: Cybereason | AP62: 23.2.243.1 | AR62: P | AW62: YES | AX62: YES | AY62: rchalemsak@nip.co.th | AZ62: 45841 | BA62: anucha
A63: 59 | B63: 192.168.20.44 | C63: KF-AU-05 | D63: wiriya.p | E63: NK-NIPPO | F63: No | G63: PC | H63: Wiriya Pantu | I63: Mr. Wiriya Pantu | J63: AUTOMOTIVE | K63: NK1 | L63: Office Center | M63: 2020 | N63: =2026-M63 -> 6 | O63: Dell Inc. | P63: OptiPlex 3070 | Q63: Intel(R) Core(TM) i5-9500 CPU @ 3.00GHz | R63: 3.00GHz | S63: 8192 | T63: 1024 | U63: Intel Optane+932GBHDD | X63: LG | Y63: 20M39A-B | Z63: 19.45 Inch, Wide | AA63: 812INRC28902 | AB63: 6T0MB03 | AC63: 6T0MB03 | AD63: KF2-20-001-O 02/15 | AE63: Don't have | AF63: E4-54-E8-7D-FC-27 | AG63: Don't have | AH63: Windows 11 Professional Edition (x64) | AI63: 64 | AJ63: OEM | AK63: KDNVJ-GBT9F-FJT86-8XRCX-TF4C2 | AL63: Microsoft Office Standard 2019 - en-us | AM63: Volume Licensing | AN63: V8TVB | AO63: Cybereason | AP63: 23.2.243.1 | AR63: P | AW63: YES | AX63: YES | AY63: pwiriya@nip.co.th | AZ63: 45841 | BA63: anucha
A64: 60 | B64: 192.168.20.50 | C64: KF-AU-07 | D64: taweeporn.n | E64: NK-NIPPO | F64: No | G64: PC | H64: Taweeporn Nuengmutcha | I64: Ms. Taweeporn Nuengmutcha | J64: BC CENTER | K64: NK1 | L64: Office Center | M64: 2019 | N64: =2026-M64 -> 7 | O64: Dell Inc. | P64: OptiPlex 3070 | Q64: Intel(R) Core(TM) i5-9500 CPU @ 3.00GHz | R64: 3.00GHz | S64: 8192 | T64: 1024 | U64: ST1000DM010-2EP102 | X64: HP | Y64: HP P24 G4 23.8 | Z64: 23.8 Inch, Wide | AA64: 3CM1131VL3 | AB64: 6VZMB03 | AC64: 6VZMB03 | AD64: KF1-19-003-O-07/08 | AE64: KF1-21-001-O | AF64: E4-54-E8-7D-7A-61 | AG64: Don't have | AH64: Windows 11 Professional Edition (x64) | AI64: 64 | AJ64: OEM | AK64: 3YNX6-V4KKX-DR9RF-WFG6P | AL64: Microsoft Office Standard 2019 - en-us | AM64: Volume Licensing | AN64: KKY9Y | AO64: Cybereason | AP64: 23.2.243.1 | AR64: P | AW64: YES | AX64: YES | AY64: ntaweeporn@nip.co.th | AZ64: 45841 | BA64: anucha
A65: 61 | B65: 192.168.20.48 | C65: KF-AU-08 | D65: porntip.r | E65: NK-NIPPO | F65: No | G65: PC | H65: Porntip Ramsungnoen | I65: Ms. Porntip Ramsungnoen | J65: AUTOMOTIVE | K65: NK1 | L65: Office Center | M65: 2019 | N65: =2026-M65 -> 7 | O65: Dell Inc. | P65: OptiPlex 3070 | Q65: Intel(R) Core(TM) i5-9500 CPU @ 3.00GHz | R65: 3.00GHz | S65: 8192 | T65: 1024 | U65: ST1000DM010-2EP102 | X65: Dell | Y65: E170SC | Z65: 17 inch, Square | AA65: CN-0M875N-64180-13N-0RGS | AB65: 6SRKB03 | AC65: 6SRKB03 | AD65: KF1-19-003-O-02/08 | AE65: KF1-11-006-O-01/02 | AF65: E4-54-E8-7E-20-3C | AG65: Don't have | AH65: Windows 11 Professional Edition (x64) | AI65: 64 | AJ65: OEM | AK65: JNHPQ-7Q6CG-CX66F-MWD4M-6VJXC | AL65: Microsoft Office Standard 2019 - en-us | AM65: Volume Licensing | AN65: V8TVB | AO65: Cybereason | AP65: 23.2.243.1 | AR65: P | AW65: YES | AX65: YES | AY65: rporntip@nip.co.th | AZ65: 45841 | BA65: anucha
A66: 62 | B66: 192.168.200.102 | C66: KF-AU-09 | D66: virat.k | E66: NK-NIPPO | F66: No | G66: PC | H66: Virat Khiewsungnoen | I66: Mr. Virat Khiewsungnoen | J66: PRECISION | K66: NK2 | L66: Office Precision | M66: 2019 | N66: =2026-M66 -> 7 | O66: Dell Inc. | P66: OptiPlex 3070 | Q66: Intel(R) Core(TM) i5-9500 CPU @ 3.00GHz | R66: 3.00GHz | S66: 8192 | T66: 1024 | U66: Intel Optane+932GBHDD | X66: LG | Y66: 20M39A-B | Z66: 19.45 Inch, Wide | AA66: 812INVM28903 | AB66: 6STMB03 | AC66: 6STMB03 | AD66: KF1-19-003-O-04/08 | AE66: Don't have | AF66: E4-54-E8-7D-FC-66 | AG66: Don't have | AH66: Windows 11 Professional Edition (x64) | AI66: 64 | AJ66: OEM | AK66: NRPY8-XKD96-HGHCV-8MGXT-P7JXC | AL66: Microsoft Office Standard 2019 - en-us | AM66: Volume Licensing | AN66: V8TVB | AO66: Cybereason | AP66: 23.2.243.1 | AR66: P | AW66: YES | AX66: YES | AY66: kvirat@nip.co.th | AZ66: 45841 | BA66: anucha
A67: 63 | B67: 192.168.20.49 | C67: KF-AU-10 | D67: patchamol.c | E67: NK-NIPPO | F67: No | G67: PC | H67: Patchamol Chaitamat | I67: Ms. Patchamol Chaitamat | J67: AUTOMOTIVE | K67: NK1 | L67: Office Center | M67: 2019 | N67: =2026-M67 -> 7 | O67: Dell Inc. | P67: OptiPlex 3070 | Q67: Intel(R) Core(TM) i5-9500 CPU @ 3.00GHz | R67: 3.00GHz | S67: 8192 | T67: 1024 | U67: Intel Optane+932GBHDD | X67: Lenovo | Y67: ThinkVision | Z67: 17 inch, Square | AA67: VNBTDT0 | AB67: 6SXJB03 | AC67: 6SXJB03 | AD67: KF1-19-003-O-03/08 | AE67: KF3-12-021-O 01/02 | AF67: E4-54-E8-7D-FC-7A | AG67: Don't have | AH67: Windows 11 Professional Edition (x64) | AI67: 64 | AJ67: OEM | AK67: PNQ2T-3Q2JQ-9C2PJ-F767X-7XMP2 | AL67: Microsoft Office Standard 2019 - en-us | AM67: Volume Licensing | AN67: V8TVB | AO67: Cybereason | AP67: 23.2.243.1 | AR67: P | AW67: YES | AX67: YES | AY67: cpatchamol@nip.co.th | AZ67: 45841 | BA67: anucha
A68: 64 | B68: 192.168.20.22 | C68: KF-AU-11 | D68: rerai.k | E68: NK-NIPPO | F68: No | G68: PC | H68: Rerai Khemthong | I68: Ms. Rerai Khemthong | J68: QA CENTER | K68: NK1 | L68: Office Center | M68: 2019 | N68: =2026-M68 -> 7 | O68: Dell Inc. | P68: OptiPlex 3070 | Q68: Intel(R) Core(TM) i5-9500 CPU @ 3.00GHz | R68: 3.00GHz | S68: 8192 | T68: 1024 | U68: Intel Optane+932GBHDD | X68: Dell | Y68: E1715SC | Z68: 17 inch, Square | AA68: CN-06FDC0-TV100-328-09VU-A17 | AB68: 6SYMB03 | AC68: 6SYMB03 | AD68: KF1-19-003-O-01/08 | AE68: KF2-07-014-O 02 | AF68: E4-54-E8-7D-E9-F0 | AG68: Don't have | AH68: Windows 11 Professional Edition (x64) | AI68: 64 | AJ68: OEM | AK68: 8J6HN-J433Y-GB42C-BWDD2-2DKTP | AL68: Microsoft Office Standard 2019 - en-us | AM68: Volume Licensing | AN68: V8TVB | AO68: Cybereason | AP68: 23.2.243.1 | AR68: P | AW68: YES | AX68: YES | AY68: krerai@nip.co.th | AZ68: 45841 | BA68: kittinan
A69: 65 | B69: 192.168.20.86 | C69: KF-AU-12 | D69: naree.s | E69: NK-NIPPO | F69: No | G69: PC | H69: Naree Songsin | I69: Ms. Naree Songsin | J69: BC CENTER | K69: NK1 | L69: Office Center | M69: 2019 | N69: =2026-M69 -> 7 | O69: Dell Inc. | P69: OptiPlex 3070 | Q69: Intel(R) Core(TM) i5-9500 CPU @ 3.00GHz | R69: 3.00GHz | S69: 8192 | T69: 1024 | U69: Intel Optane+932GBHDD | X69: Dell | Y69: E170SC | Z69: 17 inch, Square | AA69: CN-0M875N-64180-98R-3CWS | AB69: 6VVLB03 | AC69: 6VVLB03 | AD69: NKF-19-008-O 06/23 | AE69: KF4-09-014-O | AF69: E4-54-E8-7D-7A-39 | AG69: Don't have | AH69: Windows 11 Professional Edition (x64) | AI69: 64 | AJ69: OEM | AK69: 8DGFC-NVHH6-4JBW9-TQW27-YY49C | AL69: Microsoft Office Standard 2019 - en-us | AM69: Volume Licensing | AN69: KKY9Y | AO69: Cybereason | AP69: 23.2.243.1 | AR69: P | AS69: P | AW69: YES | AX69: YES | AY69: snaree@nip.co.th | AZ69: 45841 | BA69: anucha
A70: 66 | B70: 192.168.20.80 | C70: KF-AU-13 | D70: kansada.k | E70: NK-NIPPO | F70: No | G70: PC | H70: Kansada Kulsornnam | I70: Ms. Kansada Kulsornnam | J70: BC CENTER | K70: NK1 | L70: Office Center | M70: 2019 | N70: =2026-M70 -> 7 | O70: Dell Inc. | P70: OptiPlex 3070 | Q70: Intel(R) Core(TM) i5-9500 CPU @ 3.00GHz | R70: 3.00GHz | S70: 8192 | T70: 1024 | U70: ST1000DM010-2EP102 | V70: 500 | W70: NVMe Samsung SSD 980 | X70: Dell | Y70: E170SC | Z70: 17 inch, Square | AA70: CN-0M875N-54180-08P-3VFM | AB70: 6V2KB03 | AC70: 6V2KB03 | AD70: NKF-19-008-O 17/23 | AE70: NKF-11-002-O 01/02 | AF70: E4-54-E8-7D-FA-0F | AG70: Don't have | AH70: Windows 11 Professional Edition (x64) | AI70: 64 | AJ70: OEM | AK70: Y7B2C-6CNRK-4TGVB-T6YDX-HCFC2 | AL70: Microsoft Office Standard 2019 - en-us | AM70: Volume Licensing | AN70: V8TVB | AO70: Cybereason | AP70: 23.2.243.1 | AR70: P | AW70: YES | AX70: YES | AY70: kkansada@nip.co.th | AZ70: 45841 | BA70: anucha
A71: 67 | B71: 192.168.100.60 | C71: KF-AU-14 | D71: kf-au-14 | E71: NK-NIPPO | F71: Yes | G71: PC | H71: Nattanan Uamvangped | I71: Mr. Nattanan Awomvangped | J71: AUTOMOTIVE | K71: NK1 | L71: Line Automotive | M71: 2022 | N71: =2026-M71 -> 4 | O71: Dell Inc. | P71: OptiPlex 7000 | Q71: 12th Gen Intel(R) Core(TM) i5-12500 | R71: 3.00GHz | S71: 8192 | T71: 1024 | U71: WDC WD10EZEX-75WN4A1 | V71: 256 | W71: NVMe PC SN740 NVMe WD 256GB | X71: LG | Y71: 20M39A-B | Z71: 19.45 Inch, Wide | AA71: 812INZY28909 | AB71: 39NQJQ3 | AC71: 39NQJQ3 | AD71: KF1-22-003-O | AE71: Don't have | AF71: 74-86-E2-23-76-F2 | AG71: 9C-A2-F4-D6-1D-B5 | AH71: Windows 11 Professional Edition (x64) | AI71: 64 | AJ71: OEM | AK71: 2CKF6-WNK3X-T7QPF-CC796-QYJGG | AL71: Microsoft Office Home and Business 2021 - en-us | AM71: Full Package Products | AN71: X2HMD | AO71: Cybereason | AP71: 23.2.243.1 | AW71: YES | AX71: NO | AY71: - | AZ71: 45841 | BA71: anucha
A72: 68 | B72: 192.168.100.61 | C72: KF-AU-15 | D72: kf-au-15 | E72: NK-NIPPO | F72: Yes | G72: PC | H72: Nattanan Uamvangped | I72: Mr. Nattanan Awomvangped | J72: AUTOMOTIVE | K72: NK1 | L72: Line Automotive | M72: 2022 | N72: =2026-M72 -> 4 | O72: Dell Inc. | P72: OptiPlex 7000 | Q72: 12th Gen Intel(R) Core(TM) i5-12500 | R72: 3.00GHz | S72: 8192 | T72: 1024 | U72: WDC WD10EZEX-75WN4A1 | V72: 256 | W72: NVMe PC SN740 NVMe WD 256GB | X72: Dell | Y72: E170SC | Z72: 17 inch, Square | AA72: CN-0M875N-64180-972-0JFS | AB72: J9NQJQ3 | AC72: J9NQJQ3 | AD72: KF1-22-004-O | AE72: KF4-09-007-O-01/02 | AF72: 74-86-E2-23-73-EF | AG72: 9C-A2-F4-D6-20-E2 | AH72: Windows 11 Professional Edition (x64) | AI72: 64 | AJ72: OEM | AK72: TPWN8-PK7VH-GCDQ9-4738T-Y99CT | AL72: Microsoft Office Home and Business 2021 - en-us | AM72: Full Package Products | AN72: X2HMD | AO72: Cybereason | AP72: 23.2.243.1 | AW72: YES | AX72: NO | AY72: - | AZ72: 45841 | BA72: anucha
A73: 69 | B73: 192.168.20.45 | C73: KF-AU-16 | D73: nattanan.u | E73: NK-NIPPO | F73: Yes | G73: PC | H73: Nattanan Uamvangped | I73: Mr. Nattanan Awomvangped | J73: AUTOMOTIVE | K73: NK1 | L73: Office Center | M73: 2022 | N73: =2026-M73 -> 4 | O73: Dell Inc. | P73: OptiPlex 7000 | Q73: 12th Gen Intel(R) Core(TM) i5-12500 | R73: 3.00GHz | S73: 8192 | T73: 1024 | U73: WDC WD10EZEX-75WN4A1 | V73: 256 | W73: NVMe PC SN740 NVMe WD 256GB | X73: Acer | Y73: V173 | Z73: 17 inch, Square | AA73: ETLKM0W113118031843332 | AB73: C9NQJQ3 | AC73: C9NQJQ3 | AD73: KF1-22-005-O | AE73: Don't have | AF73: 74-86-E2-23-6E-EF | AG73: 9C-A2-F4-D6-24-B9 | AH73: Windows 11 Professional Edition (x64) | AI73: 64 | AJ73: OEM | AK73: WG2NH-KYKM2-BQVJR-Y6H26-D3XCT | AL73: Microsoft Office Home and Business 2021 - en-us | AM73: Full Package Products | AN73: X2HMD | AO73: Cybereason | AP73: 23.2.243.1 | AW73: YES | AX73: NO | AY73: unattanan@nip.co.th | AZ73: 45841 | BA73: anucha
A74: 70 | B74: 192.168.100.25 | C74: KF-AU-17 | D74: chalemsak.r | E74: NK-NIPPO | F74: No | G74: PC | H74: Chalemsak Roongruang | I74: Mr. Chalemsak Roongruang | J74: BC CENTER | K74: NK1 | L74: Auto Bc Stock Room | M74: 2019 | N74: =2026-M74 -> 7 | O74: Dell Inc. | P74: OptiPlex 7000 | Q74: 12th Gen Intel(R) Core(TM) i5-12500 | R74: 3.00GHz | S74: 8192 | T74: 1024 | U74: WDC WD10EZEX-75WN4A1 | V74: 256 | W74: NVMe PC SN740 NVMe WD 256GB | X74: LG | Y74: 20M39A-B | Z74: 19.45 Inch, Wide | AA74: 812INYD28906 | AB74: 69NQJQ3 | AC74: 69NQJQ3 | AD74: KF1-19-003-O-05/08 | AE74: Don't have | AF74: 74-86-E2-23-74-01 | AG74: Don't have | AH74: Windows 11 Professional Edition (x64) | AI74: 64 | AJ74: OEM | AK74: 8DPNR-KTDCG-7FYT3-KK3R4-TVJXC | AL74: Microsoft Office Home and Business 2021 - en-us | AM74: Full Package Products | AN74: KKY9Y | AO74: Cybereason | AP74: 23.2.243.1 | AR74: P | AW74: YES | AX74: YES | AY74: - | AZ74: 45841 | BA74: anucha
A75: 71 | B75: 192.168.100.65 | C75: KF-AU-18 | D75: kf-au-18 | E75: NK-NIPPO | F75: Yes | G75: PC | H75: Nattanan Uamvangped | I75: Mr. Nattanan Awomvangped | J75: AUTOMOTIVE | K75: NK1 | L75: Line Automotive | M75: 2022 | N75: =2026-M75 -> 4 | O75: Dell Inc. | P75: OptiPlex 7000 | Q75: 12th Gen Intel(R) Core(TM) i5-12500 | R75: 3.00GHz | S75: 8192 | T75: 1024 | U75: WDC WD10EZEX-75WN4A1 | V75: 256 | W75: NVMe PC SN740 NVMe WD 256GB | X75: Dell | Y75: E170SC | Z75: 17 inch, Square | AA75: CN-0M875N-64180-043-02GU | AB75: FFCH6Q3 | AC75: FFCH6Q3 | AD75: KF1-22-007-O | AE75: NKF-10-015-O-01/02 | AF75: 74-86-E2-23-59-4D | AG75: 9C-A2-F4-D6-17-6C | AH75: Windows 11 Professional Edition (x64) | AI75: 64 | AJ75: OEM | AK75: 2PFCN-Y63W4-PDK2W-DTG9J-DGP2T | AL75: Microsoft Office Home and Business 2021 - en-us | AM75: Full Package Products | AN75: X2HMD | AO75: Cybereason | AP75: 23.2.243.1 | AW75: YES | AX75: NO | AY75: - | AZ75: 45841 | BA75: anucha
A76: 72 | B76: 192.168.100.105 | C76: KF-AU-19 | D76: jakapong.j | E76: NK-NIPPO | F76: Yes | G76: PC | H76: Jakapong Juntarungsri | I76: Mr. Jakapong Juntarungsri | J76: AUTOMOTIVE | K76: NK1 | L76: Automotive Assy | M76: 2022 | N76: =2026-M76 -> 4 | O76: Dell Inc. | P76: OptiPlex 7000 | Q76: 12th Gen Intel(R) Core(TM) i5-12500 | R76: 3.00GHz | S76: 8192 | T76: 1024 | U76: WDC WD10EZEX-75WN4A1 | V76: 256 | W76: NVMe PC SN740 NVMe WD 256GB | X76: DELL | Y76: E177FPC | Z76: 17 inch, Square | AA76: CN-0F3719-64180-6CG-D2E5 | AB76: F9NQJQ3 | AC76: F9NQJQ3 | AD76: KF1-22-008-O | AE76: Don't have | AF76: 74-86-E2-23-76-63 | AG76: 9C-A2-F4-D6-1C-26 | AH76: Windows 11 Professional Edition (x64) | AI76: 64 | AJ76: OEM | AK76: KTTHN-BBKX9-Q7F3B-F7YMY-92FTG | AL76: Microsoft Office Standard 2019 - en-us | AM76: Volume Licensing | AN76: V8TVB | AO76: Cybereason | AP76: 23.2.243.1 | AW76: YES | AX76: NO | AY76: jjakapong@nip.co.th | AZ76: 45841 | BA76: anucha
A77: 73 | B77: 192.168.100.233 | C77: KF-AU-20 | D77: kf-au-20 | E77: NK-NIPPO | F77: Yes | G77: PC | H77: Nattanan Uamvangped | I77: Mr. Nattanan Awomvangped | J77: AUTOMOTIVE | K77: NK1 | L77: Line Automotive | M77: 2022 | N77: =2026-M77 -> 4 | O77: Dell Inc. | P77: OptiPlex 3070 | Q77: Intel(R) Core(TM) i5-9500 CPU @ 3.00GHz | R77: 3.00GHz | S77: 8192 | T77: 1024 | U77: ST1000DM010-2EP102 | X77: DELL | Y77: E178EPC | Z77: 17 inch, Square | AA77: CN-0WR979-64180-7C5-OYLS | AB77: 6STQB03 | AC77: 6STQB03 | AD77: KF1-22-006-O | AE77: Don't have | AF77: E4-54-E8-7D-FA-6E | AG77: 9C-A2-F4-D6-19-76 | AH77: Windows 11 Professional Edition (x64) | AI77: 64 | AJ77: OEM | AK77: C6PKR-NDWHP-842V8-HJXGR-2KC2T | AL77: Microsoft Office Standard 2019 - en-us | AM77: Volume Licensing | AN77: V8TVB | AO77: Cybereason | AP77: 23.2.243.1 | AW77: YES | AX77: NO | AY77: - | AZ77: 45841 | BA77: anucha
A78: 74 | B78: 192.168.100.72 | C78: KF-AU-21 | D78: bunchapol.g | E78: NK-NIPPO | F78: No | G78: PC | H78: Bunchapol Gitpanich | I78: Mr. Bunchapol Gitpanich | J78: BC CENTER | K78: NK1 | L78: Auto Packing Room | M78: 2019 | N78: =2026-M78 -> 7 | O78: Dell Inc. | P78: OptiPlex 3070 | Q78: Intel(R) Core(TM) i5-9500 CPU @ 3.00GHz | R78: 3.00GHz | S78: 8192 | T78: 1024 | U78: Intel Optane+932GBHDD | X78: Lenovo | Y78: ThinkVision | Z78: 17 inch, Square | AA78: VNB8R1B | AB78: 6TNPB03 | AC78: 6TNPB03 | AD78: NKF-19-006-O 22/24 | AE78: KF3-11-012-0-01/02 | AF78: E4-54-E8-7E-01-3A | AG78: Don't have | AH78: Windows 11 Professional Edition (x64) | AI78: 64 | AJ78: OEM | AK78: NVKG9-CTXFV-9PCF9-2QP4B-KD722 | AL78: Microsoft Office Standard 2019 - en-us | AM78: Volume Licensing | AN78: KKY9Y | AO78: Cybereason | AP78: 23.2.243.1 | AW78: YES | AX78: NO | AY78: gbunchapol@nip.co.th | AZ78: 45841 | BA78: anucha
A79: 75 | B79: 192.168.123.191 | C79: KF-AU-23 | D79: kf-au-23 | E79: NK-NIPPO | F79: Yes | G79: PC | H79: Nattanan Uamvangped | I79: Mr. Nattanan Awomvangped | J79: AUTOMOTIVE | K79: NK1 | L79: Line Automotive | M79: 2025 | N79: =2026-M79 -> 1 | O79: Dell Inc. | P79: OptiPlex SFF 7020 | Q79: Intel(R) Core(TM) i5-14500 | R79: 5.00 GHz | S79: 16384 | V79: 512 | W79: NVMe BG6 KIOXIA 512GB | X79: Dell | Y79: 1708FPT | Z79: 17 inch, Square | AA79: CN-0WR97-64180-83P-1RVC | AB79: C96MM94 | AC79: C96MM94 | AF79: D8-9E-F3-23-9E-84 | AG79: Don't have | AH79: Windows 11 Professional Edition (x64) | AI79: 64 | AJ79: OEM | AK79: FRGWF-J7J94-GRJ7K-F3C3F-FY9XZ | AL79: Microsoft Office Home and Business 2024 - en-us | AM79: Full Package Products | AN79: FRGWF-J7J94-GRJ7K-F3C3F-FY9XZ | AO79: Cybereason | AP79: 23.2.243.1 | AW79: YES | AX79: NO | AY79: - | AZ79: 45841 | BA79: kittinan
A80: 76 | B80: 192.168.100.245 | C80: KF-AU-24 | D80: kf-au-24 | E80: NK-NIPPO | F80: No | G80: PC | H80: Ranee Chedchoo | I80: #N/A | J80: AUTOMOTIVE | K80: NK1 | L80: Line Automotive | M80: 2025 | N80: =2026-M80 -> 1 | O80: LENOVO | P80: OptiPlex SFF 7020 | Q80: Intel(R) Core(TM) i5-14500 | R80: 5.00 GHz | S80: 16384 | V80: 512 | W80: NVMe BG6 KIOXIA 512GB | X80: Acer | Y80: V173 D | Z80: 17 inch, Square | AA80: ETLBN0C17900102C2210G8 | AB80: 396MM94 | AC80: 396MM94 | AF80: D8-CB-8A-24-79-83 | AG80: Don't have | AH80: Windows 11 Professional Edition (x64) | AI80: 64 | AJ80: OEM | AK80: 7KYJT-6WWRH-R22GH-MFYGH-7RJGZ | AL80: Microsoft Office Home and Business 2024 - en-us | AM80: Full Package Products | AN80: 7KYJT-6WWRH-R22GH-MFYGH-7RJGZ | AO80: Cybereason | AP80: 23.2.243.1 | AW80: YES | AX80: NO | AY80: - | AZ80: 45841 | BA80: kittinan
A81: 77 | B81: 192.168.20.33 | C81: KF-BC-01 | D81: chanchaya.wo | E81: NK-NIPPO | F81: No | G81: PC | H81: Chanchaya Woedsungnoen | I81: Ms. Chanchaya Woedsungnoen | J81: BC CENTER | K81: NK1 | L81: Office Center | M81: 2019 | N81: =2026-M81 -> 7 | O81: Dell Inc. | P81: OptiPlex 3070 | Q81: Intel(R) Core(TM) i5-9500 CPU @ 3.00GHz | R81: 3.00GHz | S81: 8192 | T81: 1024 | U81: Intel Optane+932GBHDD | X81: DELL | Y81: E170SC | Z81: 17 inch, Square | AA81: CN-0M875N-64180-07T-22XT | AB81: 6TGNB03 | AC81: 6TGNB03 | AD81: NKF-19-008-O 18/23 | AE81: KF2-10-019-O-01/02 | AF81: E4-54-E8-7E-03-99 | AG81: Don't have | AH81: Windows 11 Professional Edition (x64) | AI81: 64 | AJ81: OEM | AK81: TWCRJ-KNH68-WGBMH-WP3WR-X2FC2 | AL81: Microsoft Office Standard 2019 - en-us | AM81: Volume Licensing | AN81: KKY9Y | AO81: Cybereason | AP81: 23.2.243.1 | AR81: P | AW81: YES | AX81: YES | AY81: wchanchaya@nip.co.th | AZ81: 45841 | BA81: anucha
A82: 78 | B82: 192.168.20.109 | C82: KF-BC-02 | D82: yupa.b | E82: NK-NIPPO | F82: No | G82: PC | H82: Yupa Boonkod | I82: Ms. Yupa Boonkod | J82: BC CENTER | K82: NK1 | L82: Office Center | M82: 2019 | N82: =2026-M82 -> 7 | O82: Dell Inc. | P82: OptiPlex 3070 | Q82: Intel(R) Core(TM) i5-9500 CPU @ 3.00GHz | R82: 3.00GHz | S82: 8192 | T82: 1024 | U82: Intel Optane+932GBHDD | X82: Dell | Y82: E170SC | Z82: 17 inch, Square | AA82: CN-0M875N-64180-07T-24UC | AB82: 6VCPB03 | AC82: 6VCPB03 | AD82: NKF-19-008-O 15/23 | AE82: KF2-10-020-O-01/02 | AF82: E4-54-E8-7D-EF-A2 | AG82: Don't have | AH82: Windows 11 Professional Edition (x64) | AI82: 64 | AJ82: OEM | AK82: FR3ND-D23YQ-4JQT9-89KFR-7H66P | AL82: Microsoft Office Standard 2019 - en-us | AM82: Volume Licensing | AN82: KKY9Y | AO82: Cybereason | AP82: 23.2.243.1 | AR82: P | AV82: Crimson editor | AW82: YES | AX82: YES | AY82: byupa@nip.co.th | AZ82: 45841 | BA82: anucha
A83: 79 | B83: 192.168.20.21 | C83: KF-BC-03 | D83: doungjai.c | E83: NK-NIPPO | F83: No | G83: PC | H83: Doungjai Chuaysungnoen | I83: Ms. Doungjai Chuaysungnoen | J83: BC CENTER | K83: NK1 | L83: Office Center | M83: 2019 | N83: =2026-M83 -> 7 | O83: Dell Inc. | P83: OptiPlex 3070 | Q83: Intel(R) Core(TM) i5-9500 CPU @ 3.00GHz | R83: 3.00GHz | S83: 8192 | T83: 1024 | U83: Intel Optane+932GBHDD | X83: Dell | Y83: E170SC | Z83: 17 inch, Square | AA83: CN-0M875N-64180-075-24YC | AB83: 6VNJB03 | AC83: 6VNJB03 | AD83: NKF-19-008-O 14/23 | AE83: KF2-10-017-O-01/02 | AF83: E4-54-E8-7D-ED-39 | AG83: Don't have | AH83: Windows 11 Professional Edition (x64) | AI83: 64 | AJ83: OEM | AK83: WW6W4-3XNVT-QQWCX-TP93J-XW3GP | AL83: Microsoft Office Standard 2019 - en-us | AM83: Volume Licensing | AN83: KKY9Y | AO83: Cybereason | AP83: 23.2.243.1 | AR83: P | AW83: YES | AX83: YES | AY83: cdoungjai@nip.co.th | AZ83: 45841 | BA83: anucha
A84: 80 | B84: 192.168.20.31 | C84: KF-BC-04 | D84: wijittra.w | E84: NK-NIPPO | F84: No | G84: PC | H84: Wijittra Watcharapong | I84: Ms. Wijittra Watcharapong | J84: BC CENTER | K84: NK1 | L84: Office Center | M84: 2019 | N84: =2026-M84 -> 7 | O84: Dell Inc. | P84: OptiPlex 3070 | Q84: Intel(R) Core(TM) i5-9500 CPU @ 3.00GHz | R84: 3.00GHz | S84: 8192 | T84: 1024 | U84: Intel Optane+932GBHDD | X84: Lenovo | Y84: ThinkVision | Z84: 17 inch, Square | AA84: VNAY3L1 | AB84: 6T8SB03 | AC84: 6T8SB03 | AD84: NKF-19-008-O 16/23 | AE84: KF2-11-005-O-01/02 | AF84: E4-54-E8-7D-FD-91 | AG84: Don't have | AH84: Windows 11 Professional Edition (x64) | AI84: 64 | AJ84: OEM | AK84: 7K3ND-JVW96-GTVBH-GM4FG-3V66P | AL84: Microsoft Office Standard 2019 - en-us | AM84: Volume Licensing | AN84: KKY9Y | AO84: Cybereason | AP84: 23.2.243.1 | AR84: P | AV84: Crimson editor | AW84: YES | AX84: YES | AY84: wwijittra@nip.co.th | AZ84: 45841 | BA84: anucha
A85: 81 | B85: 192.168.20.34 | C85: KF-BC-06 | D85: panida.t | E85: NK-NIPPO | F85: No | G85: PC | H85: Panida Tunsungnoen | I85: Ms. Panida Thunsungnoen | J85: BC CENTER | K85: NK1 | L85: Office Center | M85: 2019 | N85: =2026-M85 -> 7 | O85: Dell Inc. | P85: OptiPlex 3070 | Q85: Intel(R) Core(TM) i5-9500 CPU @ 3.00GHz | R85: 3.00GHz | S85: 8192 | V85: 500 | W85: NVMe Samsung SSD 980 | X85: Lenovo | Y85: ThinkVision | Z85: 17 inch, Square | AA85: VNB8NB3 | AB85: 6VRKB03 | AC85: 6VRKB03 | AD85: NKF-19-008-O 12/23 | AE85: KF2-11-010-O | AF85: E4-54-E8-7E-03-CC | AG85: Don't have | AH85: Windows 11 Professional Edition (x64) | AI85: 64 | AJ85: OEM | AK85: 3K9M4-FTN37-R67HW-RK6V7-46YP2 | AL85: Microsoft Office Standard 2019 - en-us | AM85: Volume Licensing | AN85: V8TVB | AO85: Cybereason | AP85: 23.2.243.1 | AR85: P | AW85: YES | AX85: YES | AY85: tpanida@nip.co.th | AZ85: 45841 | BA85: anucha
A86: 82 | B86: 192.168.20.35 | C86: KF-BC-07 | D86: jurairat.c | E86: NK-NIPPO | F86: No | G86: PC | H86: Jurairat Chaiboon | I86: Ms. Jurairat Chaiboon | J86: BC CENTER | K86: NK1 | L86: Office Center | M86: 2019 | N86: =2026-M86 -> 7 | O86: Dell Inc. | P86: OptiPlex 3070 | Q86: Intel(R) Core(TM) i5-9500 CPU @ 3.00GHz | R86: 3.00GHz | S86: 8192 | V86: 500 | W86: NVMe Samsung SSD 980 | X86: Lenovo | Y86: ThinkVision | Z86: 17 inch, Square | AA86: VNVBNH7 | AB86: 6T0NB03 | AC86: 6T0NB03 | AD86: NKF-19-008-O 20/23 | AE86: KF3-12-023-O | AF86: E4-54-E8-7D-FA-42 | AG86: Don't have | AH86: Windows 11 Professional Edition (x64) | AI86: 64 | AJ86: OEM | AK86: CNXCC-GWWYR-42XD4-F98KW-D9MP2 | AL86: Microsoft Office Standard 2019 - en-us | AM86: Volume Licensing | AN86: V8TVB | AO86: Cybereason | AP86: 23.2.243.1 | AR86: P | AW86: YES | AX86: YES | AY86: cjurairat@nip.co.th | AZ86: 45841 | BA86: anucha
A87: 83 | B87: 192.168.20.36 | C87: KF-BC-08 | D87: pattaraporn.b | E87: NK-NIPPO | F87: No | G87: PC | H87: Pattaraporn Buatip | I87: Ms. Pattaraporn Buatip | J87: BC CENTER | K87: NK1 | L87: Office Center | M87: 2019 | N87: =2026-M87 -> 7 | O87: Dell Inc. | P87: OptiPlex 3070 | Q87: Intel(R) Core(TM) i5-9500 CPU @ 3.00GHz | R87: 3.00GHz | S87: 8192 | V87: 500 | W87: NVMe Samsung SSD 980 | X87: Dell | Y87: E170SC | Z87: 18 inch, Square | AA87: CN-OM875N-64180-07T-2K9C | AB87: 6TPRB03 | AC87: 6TPRB03 | AD87: NKF-19-008-O 07/23 | AE87: KF2-11-007-O 01/02 | AF87: E4-54-E8-7D-FF-F0 | AG87: Don't have | AH87: Windows 11 Professional Edition (x64) | AI87: 64 | AJ87: OEM | AK87: QQ73N-GCK6C-F8JWK-DVPMH-JQKTP | AL87: Microsoft Office Standard 2019 - en-us | AM87: Volume Licensing | AN87: V8TVB | AO87: Cybereason | AP87: 23.2.243.1 | AR87: P | AW87: YES | AX87: YES | AY87: bpattaraporn@nip.co.th | AZ87: 45841 | BA87: anucha
A88: 84 | B88: 192.168.100.183 | C88: KF-BC-09 | D88: surasuk.i | E88: NK-NIPPO | F88: No | G88: PC | H88: surasuk intararut | I88: Mr. Surasuk Intararut | J88: BC CENTER | K88: NK1 | L88: RAW MAT’L | M88: 2019 | N88: =2026-M88 -> 7 | O88: Dell Inc. | P88: OptiPlex 3070 | Q88: Intel(R) Core(TM) i5-9500 CPU @ 3.00GHz | R88: 3.00GHz | S88: 8192 | T88: 1024 | U88: Intel Optane+932GBHDD | X88: Dell | Y88: E170SC | Z88: 17 inch, Square | AA88: CN-0M875N-64180-022-0H2U | AB88: 6T3RB03 | AC88: 6T3RB03 | AD88: NKF-19-008-O 08/23 | AE88: KF4-10-005-O 01/02 | AF88: E4-54-E8-7D-FD-9B | AG88: Don't have | AH88: Windows 11 Professional Edition (x64) | AI88: 64 | AJ88: OEM | AK88: RWNGT-GB48C-GPCYD-F7TJP-P9XTP | AL88: Microsoft Office Standard 2019 - en-us | AM88: Volume Licensing | AN88: KKY9Y | AO88: Cybereason | AP88: 23.2.243.1 | AR88: P | AW88: YES | AX88: YES | AY88: - | AZ88: 45841 | BA88: anucha
A89: 85 | B89: 192.168.20.55 | C89: KF-BC-10 | D89: chaunchom.k | E89: NK-NIPPO | F89: No | G89: PC | H89: Chaunchom Kayoot | I89: Ms. Chaunchom Kayoot | J89: BC CENTER | K89: NK1 | L89: Office Center | M89: 2019 | N89: =2026-M89 -> 7 | O89: Dell Inc. | P89: OptiPlex 3070 | Q89: Intel(R) Core(TM) i5-9500 CPU @ 3.00GHz | R89: 3.00GHz | S89: 8192 | T89: 1024 | U89: Intel Optane+932GBHDD | X89: Lenovo | Y89: ThinkVision | Z89: 17 inch, Square | AA89: VNBFBCN | AB89: 6T1SB03 | AC89: 6T1SB03 | AD89: NKF-19-008-O 13/23 | AE89: KF2-12-002-O 01/02 | AF89: E4-54-E8-7D-F6-62 | AG89: Don't have | AH89: Windows 11 Professional Edition (x64) | AI89: 64 | AJ89: OEM | AK89: PPXVP-GNCFF-TWCKF-FJMYW-29XTP | AL89: Microsoft Office Standard 2019 - en-us | AM89: Volume Licensing | AN89: KKY9Y | AO89: Cybereason | AP89: 23.2.243.1 | AR89: P | AW89: YES | AX89: YES | AY89: kchaunchom@nip.co.th | AZ89: 45841 | BA89: anucha
A90: 86 | B90: 192.168.20.3 | C90: KF-BC-11 | D90: hathaichanok.b | E90: NK-NIPPO | F90: No | G90: PC | H90: Hathaichanok Boonkod | I90: Ms. Hathaichanok Boonkod | J90: BC CENTER | K90: NK1 | L90: Office Center | M90: 2019 | N90: =2026-M90 -> 7 | O90: Dell Inc. | P90: OptiPlex 3070 | Q90: Intel(R) Core(TM) i5-9500 CPU @ 3.00GHz | R90: 3.00GHz | S90: 8192 | V90: 500 | W90: NVMe Samsung SSD 980 | X90: HP | Y90: 1702 | Z90: 17 inch, Square | AA90: CNC4221XLD | AB90: 6VYKB03 | AC90: 6VYKB03 | AD90: NKF-19-008-O 23/23 | AE90: KF2-04-021-O | AF90: E4-54-E8-7D-79-B1 | AG90: Don't have | AH90: Windows 11 Professional Edition (x64) | AI90: 64 | AJ90: OEM | AK90: JN79C-XHD8C-BBVGH-HJRXF-GXXTP | AL90: Microsoft Office Standard 2019 - en-us | AM90: Volume Licensing | AN90: V8TVB | AO90: Cybereason | AP90: 23.2.243.1 | AR90: P | AW90: YES | AX90: YES | AY90: bhathaichanok@nip.co.th | AZ90: 45841 | BA90: anucha
A91: 87 | B91: 192.168.100.34 | C91: KF-BC-12 | D91: nochsara.s | E91: NK-NIPPO | F91: No | G91: PC | H91: Nochsara Sakon | I91: Ms. Nochsara Sakon | J91: BC CENTER | K91: NK1 | L91: Meeting Room Precision | M91: 2019 | N91: =2026-M91 -> 7 | O91: Dell Inc. | P91: OptiPlex 3070 | Q91: Intel(R) Core(TM) i5-9500 CPU @ 3.00GHz | R91: 3.00GHz | S91: 8192 | T91: 1024 | U91: Intel Optane+932GBHDD | X91: Dell | Y91: E170SC | Z91: 17 inch, Square | AA91: CN-08M75N-64180-06J-3JLU | AB91: 6TYPB03 | AC91: 6TYPB03 | AD91: NFK-19-008-O 10/23 | AE91: KF4-10-021-O-01/02 | AF91: E4-54-E8-7E-03-E3 | AG91: Don't have | AH91: Windows 11 Professional Edition (x64) | AI91: 64 | AJ91: OEM | AK91: BVP2N-6BX8B-C9HYK-7VJ22-27JXC | AL91: Microsoft Office Standard 2019 - en-us | AM91: Volume Licensing | AN91: KKY9Y | AO91: Cybereason | AP91: 23.2.243.1 | AR91: P | AW91: YES | AX91: NO | AY91: - | AZ91: 45841 | BA91: anucha
A92: 88 | B92: 192.168.100.210 | C92: KF-BC-13 | D92: supatchara.k | E92: NK-NIPPO | F92: Yes | G92: PC | H92: Supatchara Kuansamrong | I92: Ms. Supatchara Kuansamrong | J92: BC CENTER | K92: NK1 | L92: Precision Bc Stock | M92: 2019 | N92: =2026-M92 -> 7 | O92: Dell Inc. | P92: OptiPlex 3070 | Q92: Intel(R) Core(TM) i5-9500 CPU @ 3.00GHz | R92: 3.00GHz | S92: 8192 | T92: 1024 | U92: Intel Optane+932GBHDD | X92: Lenovo | Y92: ThinkVision | Z92: 17 inch, Square | AA92: VNB8R0R | AB92: 6VTPB03 | AC92: 6VTPB03 | AD92: NKF-19-008-O 09/23 | AE92: KF3-11-016-O-01/02 | AF92: E4-54-E8-7D-7B-5C | AG92: Don't have | AH92: Windows 11 Professional Edition (x64) | AI92: 64 | AJ92: OEM | AK92: MNX7P-4CYWY-TPP68-4633X-RM49C | AL92: Microsoft Office Standard 2019 - en-us | AM92: Volume Licensing | AN92: V8TVB | AO92: Cybereason | AP92: 23.2.243.1 | AR92: P | AW92: YES | AX92: YES | AY92: ksupatchara@nip.co.th | AZ92: 45841 | BA92: anucha
A93: 89 | B93: 192.168.100.51 | C93: KF-BC-14 | D93: sukanya.j | E93: NK-NIPPO | F93: No | G93: PC | H93: Sukanya Jitnok | I93: Ms. Sukanya Jitnok | J93: BC CENTER | K93: NK1 | L93: Precision Bc Stock | M93: 2019 | N93: =2026-M93 -> 7 | O93: Dell Inc. | P93: OptiPlex 3070 | Q93: Intel(R) Core(TM) i5-9500 CPU @ 3.00GHz | R93: 3.00GHz | S93: 8192 | T93: 1024 | U93: ST1000DM010-2EP102 | V93: 256 | W93: NVMe TS256GMTE110S | X93: Lenovo | Y93: ThinkVision | Z93: 17 inch, Square | AA93: VNBBFAZX | AB93: 6VHLB03 | AC93: 6VHLB03 | AD93: NKF-19-008-O 03/23 | AE93: KF3-12-004-O 01/02 | AF93: E4-54-E8-7D-F6-32 | AG93: Don't have | AH93: Windows 11 Professional Edition (x64) | AI93: 64 | AJ93: OEM | AK93: DNBK8-VDPP4-6KHYW-3M9D7-T3BP2 | AL93: Microsoft Office Standard 2019 - en-us | AM93: Volume Licensing | AN93: V8TVB | AO93: Cybereason | AP93: 23.2.243.1 | AR93: P | AW93: YES | AX93: YES | AY93: - | AZ93: 45841 | BA93: anucha
A94: 90 | B94: 192.168.200.240 | C94: KF-BC-15 | D94: kf-bc-15 | E94: NK-NIPPO | F94: No | G94: PC | H94: Prasit Mongkorklang | I94: Mr. Prasit Mongkorklang | J94: BC CENTER | K94: NK2 | L94: W/H FG PRE STOCK | M94: 2019 | N94: =2026-M94 -> 7 | O94: Dell Inc. | P94: OptiPlex 3070 | Q94: Intel(R) Core(TM) i5-9500 CPU @ 3.00GHz | R94: 3.00GHz | S94: 8192 | V94: 500 | W94: Samsung SSD 980 500GB | X94: Dell | Y94: E170SC | Z94: 17 inch, Square | AA94: CN-0M875N-64180-043-02KU | AB94: 6SXQB03 | AC94: 6SXQB03 | AD94: NKF-19-008-O 22/23 | AE94: NKF-10-014-O-01/02 | AF94: E4-54-E8-7D-F6-27 | AG94: Don't have | AH94: Windows 11 Professional Edition (x64) | AI94: 64 | AJ94: OEM | AK94: 6NVVV-K8Y2J-TYBFP-Q2BP2-DDBP2 | AL94: Microsoft Office Standard 2019 - en-us | AM94: Volume Licensing | AN94: KKY9Y | AO94: Cybereason | AP94: 23.2.243.1 | AR94: P | AV94: MID-100 Multi Tool | AW94: YES | AX94: NO | AY94: - | AZ94: 45841 | BA94: anucha
A95: 91 | B95: 192.168.200.168 | C95: KF-BC-16 | D95: punyawat.p | E95: NK-NIPPO | F95: No | G95: PC | H95: Punyawat Phannurak | I95: Mr. Punyawat Phannurak | J95: BC CENTER | K95: NK2 | L95: RAW MATERIAL | M95: 2019 | N95: =2026-M95 -> 7 | O95: Dell Inc. | P95: OptiPlex 3070 | Q95: Intel(R) Core(TM) i5-9500 CPU @ 3.00GHz | R95: 3.00GHz | S95: 8192 | T95: 1024 | U95: Intel Optane+932GBHDD | X95: Dell | Y95: E170SC | Z95: 17 inch, Square | AA95: CN-0M875N-64180-07T-24GC | AB95: 6TWPB03 | AC95: 6TWPB03 | AD95: NKF-19-008-O 19/23 | AE95: KF2-10-018-O-01/02 | AF95: E4-54-E8-7E-00-34 | AG95: Don't have | AH95: Windows 11 Professional Edition (x64) | AI95: 64 | AJ95: OEM | AK95: VNJ8H-8D6KW-CMTWF-VC88R-PPQGP | AL95: Microsoft Office Standard 2019 - en-us | AM95: Volume Licensing | AN95: KKY9Y | AO95: Cybereason | AP95: 23.2.243.1 | AR95: P | AW95: YES | AX95: NO | AY95: - | AZ95: 45841 | BA95: anucha
A96: 92 | B96: 192.168.100.159 | C96: KF-BC-17 | D96: kf-bc-17 | E96: NK-NIPPO | F96: Yes | G96: PC | H96: Somjai Chooros | I96: Mr. Somjai Chooros | J96: BC CENTER | K96: NK1 | L96: Stock W/H Production | M96: 2019 | N96: =2026-M96 -> 7 | O96: Dell Inc. | P96: OptiPlex 3070 | Q96: Intel(R) Core(TM) i5-9500 CPU @ 3.00GHz | R96: 3.00GHz | S96: 8192 | T96: 1024 | U96: Intel Optane+931GBHDD | X96: Lenovo | Y96: ThinkVision | Z96: 17 inch, Square | AA96: VNB1X7Y | AB96: 6T4QB03 | AC96: 6T4QB03 | AD96: NKF-19-008-O 01/23 | AE96: KF3-11-003-O 01/02 | AF96: E4-54-E8-7D-FD-D9 | AG96: Don't have | AH96: Windows 11 Professional Edition (x64) | AI96: 64 | AJ96: OEM | AK96: 7YXJF-DNCCW-DDHR7-P7HXQ-9D722 | AL96: Microsoft Office Standard 2019 - en-us | AM96: Volume Licensing | AN96: V8TVB | AO96: Cybereason | AP96: 23.2.243.1 | AR96: P | AW96: YES | AX96: NO | AY96: - | AZ96: 45841 | BA96: anucha
A97: 93 | B97: 192.168.20.185 | C97: KF-BCC-02 | D97: nuchanat.j | E97: NK-NIPPO | F97: No | G97: PC | H97: Nuchanat Junnak | I97: Ms. Nuchanat Junnak | J97: BC CENTER | K97: NK1 | L97: Office Center | M97: 2019 | N97: =2026-M97 -> 7 | O97: Dell Inc. | P97: OptiPlex 3070 | Q97: Intel(R) Core(TM) i5-9500 CPU @ 3.00GHz | R97: 3.00GHz | S97: 16384 | V97: 500 | W97: NVMe Samsung SSD 980 | X97: Dell | Y97: E170SC | Z97: 17 inch, Square | AA97: CN-0M875N-64180-98R-3RTS | AB97: 6SLLB03 | AC97: 6SLLB03 | AD97: NKF-19-006-O 24/24 | AE97: KF4-09-015-O 02/02 | AF97: E4-54-E8-7E-1F-90 | AG97: Don't have | AH97: Windows 11 Professional Edition (x64) | AI97: 64 | AJ97: OEM | AK97: NK263-K9938-HFGJM-84BJR-TVJXC | AL97: Microsoft Office Standard 2019 - en-us | AM97: Volume Licensing | AN97: V8TVB | AO97: Cybereason | AP97: 23.2.243.1 | AR97: P | AU97: P | AW97: YES | AX97: YES | AY97: jnuchanat@nip.co.th | AZ97: 45841 | BA97: anucha
A98: 94 | B98: 192.168.200.175 | C98: KF-BCC-03 | D98: preeyarat.w | E98: NK-NIPPO | F98: Yes | G98: PC | H98: Preeyarat Wanna | I98: Ms. Preeyarat Wanna | J98: BC CENTER | K98: NK2 | L98: Office Medical | M98: 2019 | N98: =2026-M98 -> 7 | O98: Dell Inc. | P98: OptiPlex 3060 | Q98: Intel(R) Core(TM) i5-14500 | R98: 2.80GHz | S98: 16384 | V98: 500 | W98: NVMe Samsung SSD 980 | X98: Dell | Y98: E178FPC | Z98: 17 inch, Square | AA98: CN-0WR979-64180-7C5-0YKS | AB98: BL34754 | AC98: BL34754 | AD98: NKF-19-002-O 01/07 | AE98: KF2-08-002-O 02 | AF98: 6C-2B-59-D5-56-34 | AG98: Don't have | AH98: Windows 11 Professional Edition (x64) | AI98: 64 | AJ98: OEM | AK98: NK9G3-BTCK3-C9866-DPPVW-WB49C | AL98: Microsoft Office Standard 2019 - en-us | AM98: Volume Licensing | AN98: KKY9Y | AO98: Cybereason | AP98: 23.2.243.1 | AR98: P | AU98: P | AW98: YES | AX98: YES | AY98: wpreeyarat@nip.co.th | AZ98: 45841 | BA98: anucha
A99: 95 | B99: 192.168.123.61 | C99: KF-BCC-04 | D99: rungkarn.s | E99: NK-NIPPO | F99: Yes | G99: NB | H99: Rungkarn Somboon | I99: Ms. Rungkarn Somboon | J99: BC CENTER | K99: NK1 | L99: Office Center | M99: 2023 | N99: =2026-M99 -> 3 | O99: Dell Inc. | P99: Latitude 7330 | Q99: 12th Gen Intel(R) Core(TM) i5-1245U | R99: 1.60 GHz | S99: 16384 | V99: 512 | W99: NVMe Micron 2450 NVMe 512GB | X99: Dell | Y99: Don't have | Z99: Don't have | AA99: Don't have | AB99: 6HMBTT3 | AC99: 6HMBTT3 | AD99: NKF-23-004-O | AE99: Don't have | AF99: Don't have | AG99: 14-75-5B-37-6E-78 | AH99: Windows 11 Professional Edition (x64) | AI99: 64 | AJ99: OEM | AK99: BNJGJ-6VJHC-M8PB8-J7VHK-2YVJ6 | AL99: Microsoft Office Home and Business 2021 - en-us | AM99: Full Package Products | AN99: X2HMD | AO99: Cybereason | AP99: 23.2.243.1 | AR99: P | AU99: P | AW99: YES | AX99: YES | AY99: srungkarn@nip.co.th | AZ99: 45841 | BA99: anucha
A100: 96 | B100: 192.168.20.115 | C100: KF-BCC-05 | D100: wikanda.b | E100: NK-NIPPO | F100: Yes | G100: PC | H100: Wikanda Baojunthuk | I100: Ms. Wikanda Baojunthuk | J100: BC CENTER | K100: NK1 | L100: Office Center | M100: 2023 | N100: =2026-M100 -> 3 | O100: Dell Inc. | P100: OptiPlex 7000 | Q100: 12th Gen Intel(R) Core(TM) i5-12500 | R100: 3.00GHz | S100: 8192 | T100: 1024 | U100: ST1000DM010-2EP102 | V100: 256 | W100: NVMe CL4-3D256-Q11 NVMe SSSTC 256GB | X100: Dell | Y100: E1715S | Z100: 17 inch, Square | AA100: CN-06FDC0-TV100-33A-046U-A17 | AB100: FG7CVX3 | AC100: FG7CVX3 | AD100: ยังไม่ติดสติกเกอร์ | AE100: ยังไม่ติดสติกเกอร์ | AF100: 6C-3C-8C-4D-B2-E4 | AG100: Don't have | AH100: Windows 11 Professional Edition (x64) | AI100: 64 | AJ100: OEM | AK100: Q4MGN-PFDC3-HMVRY-M964X-9HKCT | AL100: Microsoft Office Home and Business 2021 - en-us | AM100: Full Package Products | AO100: Cybereason | AP100: 23.2.243.1 | AR100: P | AT100: P | AU100: P | AW100: YES | AX100: YES | AY100: bwikanda@nip.co.th | AZ100: 45841 | BA100: anucha
A101: 97 | B101: 192.168.20.101 | C101: KF-BCC-06 | D101: khomjit.j | E101: NK-NIPPO | F101: Yes | G101: PC | H101: Khomjit Junkham | I101: Ms. Khomjit Junkham | J101: BC CENTER | K101: NK1 | L101: Office Center | M101: 2023 | N101: =2026-M101 -> 3 | O101: Dell Inc. | P101: OptiPlex 7000 | Q101: 12th Gen Intel(R) Core(TM) i5-12500 | R101: 3.00GHz | S101: 8192 | T101: 1024 | U101: ST1000DM010-2EP102 | V101: 256 | W101: NVMe CL4-3D256-Q11 NVMe SSSTC 256GB | X101: Dell | Y101: E1715S | Z101: 17 inch, Square | AA101: CN-06FDC0-TV100-33A-050U-A17 | AB101: DG7CVX3 | AC101: DG7CVX3 | AD101: ยังไม่ติดสติกเกอร์ | AE101: ยังไม่ติดสติกเกอร์ | AF101: 6C-3C-8C-4D-B2-E3 | AG101: Don't have | AH101: Windows 11 Professional Edition (x64) | AI101: 64 | AJ101: OEM | AK101: 7TH6N-M9GRP-PC9KB-G9TMD-TCQW6 | AL101: Microsoft Office Home and Business 2021 - en-us | AM101: Full Package Products | AO101: Cybereason | AP101: 23.2.243.1 | AR101: P | AT101: P | AU101: P | AW101: YES | AX101: YES | AY101: jkhomjit@nip.co.th | AZ101: 46027 | BA101: Bancha
...

Sheet Data
A1: Computer Name
A2: KF-AD-01
A3: KF-AD-02
A4: KF-AD-03
A5: KF-AD-04
A6: KF-AD-05
A7: KF-AD-08
A8: KF-AD-09
A9: KF-AD-10
A10: KF-AD-11
A11: KF-AD-12
A12: KF-AD-13
... A312: VEEAMBACKUP

Sheet 294
A1: KF-SL-10
A2: KF-SL-09
A3: KF-SL-08
A4: KF-SL-07
A5: KF-SL-06
A6: KF-SL-05
A7: KF-SL-04
A8: KF-SL-03
A9: KF-SL-02
A10: KF-SL-01
A11: KF-QA-61
A12: KF-QA-60
... A294: KF-AD-01

Sheet Sheet1
A1: KF-AD-01 | B1: =VLOOKUP(A1,'Device List'!C5:C313,1,FALSE) -> KF-AD-01
A2: KF-AD-02 | B2: =VLOOKUP(A2,'Device List'!C6:C314,1,FALSE) -> KF-AD-02
A3: KF-AD-03 | B3: =VLOOKUP(A3,'Device List'!C7:C314,1,FALSE) -> KF-AD-03
A4: KF-AD-04 | B4: =VLOOKUP(A4,'Device List'!C8:C314,1,FALSE) -> KF-AD-04
A5: KF-AD-05 | B5: =VLOOKUP(A5,'Device List'!C9:C314,1,FALSE) -> KF-AD-05
A6: KF-AD-06 | B6: =VLOOKUP(A6,'Device List'!C10:C314,1,FALSE) -> #N/A
A7: KF-AD-07 | B7: =VLOOKUP(A7,'Device List'!C45:C314,1,FALSE) -> #N/A
A8: KF-AD-08 | B8: =VLOOKUP(A8,'Device List'!C10:C314,1,FALSE) -> KF-AD-08
A9: KF-AD-09 | B9: =VLOOKUP(A9,'Device List'!C11:C314,1,FALSE) -> KF-AD-09
A10: KF-AD-10 | B10: =VLOOKUP(A10,'Device List'!C12:C314,1,FALSE) -> KF-AD-10
A11: KF-AD-11 | B11: =VLOOKUP(A11,'Device List'!C13:C314,1,FALSE) -> KF-AD-11
A12: KF-AD-12 | B12: =VLOOKUP(A12,'Device List'!C14:C314,1,FALSE) -> KF-AD-12
A13: KF-AD-13 | B13: =VLOOKUP(A13,'Device List'!C15:C314,1,FALSE) -> KF-AD-13
A14: KF-AD-14 | B14: =VLOOKUP(A14,'Device List'!C16:C314,1,FALSE) -> KF-AD-14
A15: KF-AD-15 | B15: =VLOOKUP(A15,'Device List'!C17:C314,1,FALSE) -> #N/A
A16: KF-AD-16 | B16: =VLOOKUP(A16,'Device List'!C17:C314,1,FALSE) -> #N/A
A17: KF-AD-18 | B17: =VLOOKUP(A17,'Device List'!C17:C314,1,FALSE) -> KF-AD-18
A18: KF-AD-19 | B18: =VLOOKUP(A18,'Device List'!C18:C314,1,FALSE) -> KF-AD-19
A19: KF-AD-20 | B19: =VLOOKUP(A19,'Device List'!C19:C314,1,FALSE) -> KF-AD-20
A20: KF-AD-21 | B20: =VLOOKUP(A20,'Device List'!C20:C314,1,FALSE) -> KF-AD-21
A21: KF-AD-22 | B21: =VLOOKUP(A21,'Device List'!C21:C314,1,FALSE) -> #N/A
A22: KF-AD-23 | B22: =VLOOKUP(A22,'Device List'!C21:C314,1,FALSE) -> KF-AD-23
A23: KF-AD-24 | B23: =VLOOKUP(A23,'Device List'!C22:C314,1,FALSE) -> KF-AD-24
A24: KF-AD-25 | B24: =VLOOKUP(A24,'Device List'!C23:C314,1,FALSE) -> KF-AD-25
A25: KF-AD-26 | B25: =VLOOKUP(A25,'Device List'!C24:C314,1,FALSE) -> #N/A
A26: KF-AD-27 | B26: =VLOOKUP(A26,'Device List'!C24:C314,1,FALSE) -> KF-AD-27
A27: KF-AD-28 | B27: =VLOOKUP(A27,'Device List'!C25:C314,1,FALSE) -> #N/A
A28: KF-AD-29 | B28: =VLOOKUP(A28,'Device List'!C25:C314,1,FALSE) -> KF-AD-29
A29: KF-AD-30 | B29: =VLOOKUP(A29,'Device List'!C26:C314,1,FALSE) -> #N/A
A30: KF-AD-31 | B30: =VLOOKUP(A30,'Device List'!C26:C314,1,FALSE) -> KF-AD-31
A31: KF-AD-32 | B31: =VLOOKUP(A31,'Device List'!C27:C314,1,FALSE) -> KF-AD-32
A32: KF-AD-33 | B32: =VLOOKUP(A32,'Device List'!C28:C314,1,FALSE) -> KF-AD-33
A33: KF-AD-34 | B33: =VLOOKUP(A33,'Device List'!C29:C314,1,FALSE) -> KF-AD-34
A34: KF-AD-35 | B34: =VLOOKUP(A34,'Device List'!C30:C314,1,FALSE) -> KF-AD-35
A35: KF-AD-36 | B35: =VLOOKUP(A35,'Device List'!C31:C314,1,FALSE) -> KF-AD-36
A36: KF-AD-37 | B36: =VLOOKUP(A36,'Device List'!C32:C314,1,FALSE) -> KF-AD-37
A37: KF-AD-38 | B37: =VLOOKUP(A37,'Device List'!C33:C314,1,FALSE) -> KF-AD-38
A38: KF-AD-39 | B38: =VLOOKUP(A38,'Device List'!C34:C314,1,FALSE) -> #N/A
A39: KF-AD-40 | B39: =VLOOKUP(A39,'Device List'!C34:C314,1,FALSE) -> KF-AD-40
A40: KF-AD-41 | B40: =VLOOKUP(A40,'Device List'!C35:C314,1,FALSE) -> #N/A
A41: KF-AD-42 | B41: =VLOOKUP(A41,'Device List'!C35:C314,1,FALSE) -> KF-AD-42
A42: KF-AD-44 | B42: =VLOOKUP(A42,'Device List'!C36:C314,1,FALSE) -> KF-AD-44
A43: KF-AD-44 | B43: =VLOOKUP(A43,'Device List'!C37:C314,1,FALSE) -> KF-AD-44
A44: KF-AD-47 | B44: =VLOOKUP(A44,'Device List'!C38:C314,1,FALSE) -> #N/A
A45: KF-AD-48 | B45: =VLOOKUP(A45,'Device List'!C38:C314,1,FALSE) -> #N/A
A46: KF-AD-49 | B46: =VLOOKUP(A46,'Device List'!C38:C314,1,FALSE) -> #N/A
A47: KF-AD-51 | B47: =VLOOKUP(A47,'Device List'!C38:C314,1,FALSE) -> KF-AD-51
A48: KF-AD-52 | B48: =VLOOKUP(A48,'Device List'!C38:C314,1,FALSE) -> KF-AD-52
A49: KF-AD-53 | B49: =VLOOKUP(A49,'Device List'!C38:C314,1,FALSE) -> #N/A
A50: KF-AD-54 | B50: =VLOOKUP(A50,'Device List'!C40:C314,1,FALSE) -> #N/A
A51: KF-AD-56 | B51: =VLOOKUP(A51,'Device List'!C40:C314,1,FALSE) -> KF-AD-56
A52: KF-AD-57 | B52: =VLOOKUP(A52,'Device List'!C40:C314,1,FALSE) -> KF-AD-57
A53: KF-AD-58 | B53: =VLOOKUP(A53,'Device List'!C40:C314,1,FALSE) -> KF-AD-58
A54: KF-AD-59 | B54: =VLOOKUP(A54,'Device List'!C41:C314,1,FALSE) -> KF-AD-59
A55: KF-AU-01 | B55: =VLOOKUP(A55,'Device List'!C42:C314,1,FALSE) -> #N/A
A56: KF-AU-02 | B56: =VLOOKUP(A56,'Device List'!C43:C314,1,FALSE) -> KF-AU-02
A57: KF-AU-03 | B57: =VLOOKUP(A57,'Device List'!C61:C314,1,FALSE) -> #N/A
A58: KF-AU-04 | B58: =VLOOKUP(A58,'Device List'!C61:C314,1,FALSE) -> KF-AU-04
A59: KF-AU-05 | B59: =VLOOKUP(A59,'Device List'!C62:C314,1,FALSE) -> KF-AU-05
A60: KF-AU-06 | B60: =VLOOKUP(A60,'Device List'!C62:C314,1,FALSE) -> #N/A
A61: KF-AU-07 | B61: =VLOOKUP(A61,'Device List'!C63:C314,1,FALSE) -> KF-AU-07
A62: KF-AU-08 | B62: =VLOOKUP(A62,'Device List'!C64:C314,1,FALSE) -> KF-AU-08
A63: KF-AU-09 | B63: =VLOOKUP(A63,'Device List'!C64:C314,1,FALSE) -> KF-AU-09
A64: KF-AU-10 | B64: =VLOOKUP(A64,'Device List'!C65:C314,1,FALSE) -> KF-AU-10
A65: KF-AU-11 | B65: =VLOOKUP(A65,'Device List'!C66:C314,1,FALSE) -> KF-AU-11
A66: KF-AU-12 | B66: =VLOOKUP(A66,'Device List'!C67:C314,1,FALSE) -> KF-AU-12
A67: KF-AU-13 | B67: =VLOOKUP(A67,'Device List'!C68:C314,1,FALSE) -> KF-AU-13
A68: KF-AU-14 | B68: =VLOOKUP(A68,'Device List'!C69:C314,1,FALSE) -> KF-AU-14
A69: KF-AU-15 | B69: =VLOOKUP(A69,'Device List'!C70:C314,1,FALSE) -> KF-AU-15
A70: KF-AU-16 | B70: =VLOOKUP(A70,'Device List'!C71:C314,1,FALSE) -> KF-AU-16
A71: KF-AU-17 | B71: =VLOOKUP(A71,'Device List'!C72:C314,1,FALSE) -> KF-AU-17
A72: KF-AU-18 | B72: =VLOOKUP(A72,'Device List'!C73:C314,1,FALSE) -> KF-AU-18
A73: KF-AU-19 | B73: =VLOOKUP(A73,'Device List'!C74:C314,1,FALSE) -> KF-AU-19
A74: KF-AU-20 | B74: =VLOOKUP(A74,'Device List'!C75:C314,1,FALSE) -> KF-AU-20
A75: KF-AU-21 | B75: =VLOOKUP(A75,'Device List'!C76:C314,1,FALSE) -> KF-AU-21
A76: KF-AU-22 | B76: =VLOOKUP(A76,'Device List'!C77:C314,1,FALSE) -> #N/A
A77: KF-BC-01 | B77: =VLOOKUP(A77,'Device List'!C78:C314,1,FALSE) -> KF-BC-01
A78: KF-BC-02 | B78: =VLOOKUP(A78,'Device List'!C80:C314,1,FALSE) -> KF-BC-02
A79: KF-BC-03 | B79: =VLOOKUP(A79,'Device List'!C81:C314,1,FALSE) -> KF-BC-03
A80: KF-BC-04 | B80: =VLOOKUP(A80,'Device List'!C82:C314,1,FALSE) -> KF-BC-04
A81: KF-BC-06 | B81: =VLOOKUP(A81,'Device List'!C83:C314,1,FALSE) -> KF-BC-06
A82: KF-BC-07 | B82: =VLOOKUP(A82,'Device List'!C84:C314,1,FALSE) -> KF-BC-07
A83: KF-BC-08 | B83: =VLOOKUP(A83,'Device List'!C85:C314,1,FALSE) -> KF-BC-08
A84: KF-BC-09 | B84: =VLOOKUP(A84,'Device List'!C86:C314,1,FALSE) -> KF-BC-09
A85: KF-BC-10 | B85: =VLOOKUP(A85,'Device List'!C87:C314,1,FALSE) -> KF-BC-10
A86: KF-BC-11 | B86: =VLOOKUP(A86,'Device List'!C88:C314,1,FALSE) -> KF-BC-11
A87: KF-BC-12 | B87: =VLOOKUP(A87,'Device List'!C89:C314,1,FALSE) -> KF-BC-12
A88: KF-BC-13 | B88: =VLOOKUP(A88,'Device List'!C90:C314,1,FALSE) -> KF-BC-13
A89: KF-BC-14 | B89: =VLOOKUP(A89,'Device List'!C91:C314,1,FALSE) -> KF-BC-14
A90: KF-BC-15 | B90: =VLOOKUP(A90,'Device List'!C92:C314,1,FALSE) -> KF-BC-15
A91: KF-BC-16 | B91: =VLOOKUP(A91,'Device List'!C93:C314,1,FALSE) -> KF-BC-16
A92: KF-BC-17 | B92: =VLOOKUP(A92,'Device List'!C94:C314,1,FALSE) -> KF-BC-17
A93: KF-BCC-01 | B93: =VLOOKUP(A93,'Device List'!C95:C314,1,FALSE) -> #N/A
A94: KF-BCC-02 | B94: =VLOOKUP(A94,'Device List'!C96:C314,1,FALSE) -> KF-BCC-02
A95: KF-BCC-03 | B95: =VLOOKUP(A95,'Device List'!C97:C314,1,FALSE) -> KF-BCC-03
A96: KF-BCC-04 | B96: =VLOOKUP(A96,'Device List'!C97:C314,1,FALSE) -> KF-BCC-04
A97: KF-BCC-05 | B97: =VLOOKUP(A97,'Device List'!C98:C314,1,FALSE) -> KF-BCC-05
A98: KF-BCC-06 | B98: =VLOOKUP(A98,'Device List'!C99:C314,1,FALSE) -> KF-BCC-06
A99: KF-BCC-07 | B99: =VLOOKUP(A99,'Device List'!C100:C314,1,FALSE) -> KF-BCC-07
A100: KF-BCC-08 | B100: =VLOOKUP(A100,'Device List'!C101:C314,1,FALSE) -> KF-BCC-08
...

Sheet Device for audit
A2: No | B2: Network Information | G2: Physical Information | N2: System Information
B3: IP Address | C3: Host Name | D3: User Name | E3: Workgroup/ Domain | F3: Use DHCP | G3: Type | H3: PIC | I3: Department | J3: Location | L3: Year of Purchased | M3: Age (Years) | N3: Brand | O3: Model | P3: CPU | Q3: Speed (GHz)
A5: 1 | B5: 192.168.100.188 | C5: KF-AD-01 | D5: nk1vip1 | E5: NK-NIPPO | F5: No | G5: PC | H5: AD-IT | I5: AD | J5: NK1 | K5: Vip1 Room | L5: 2019 | M5: =2024-L5 -> 5 | N5: Dell Inc. | O5: OptiPlex 3070 | P5: Intel(R) Core(TM) i5-9500 CPU @ 3.00GHz | Q5: 3.00GHz
A6: =A5+1 -> 2 | B6: 192.168.100.149 | C6: KF-AD-02 | D6: nk1vip2 | E6: NK-NIPPO | F6: No | G6: PC | H6: AD-IT | I6: AD | J6: NK1 | K6: Vip2 Room | L6: 2019 | M6: =2024-L6 -> 5 | N6: Dell Inc. | O6: OptiPlex 3070 | P6: Intel(R) Core(TM) i5-9500 CPU @ 3.00GHz | Q6: 3.00GHz
A7: =A6+1 -> 3 | B7: 192.168.100.168 | C7: KF-AD-03 | D7: nk1director | E7: NK-NIPPO | F7: Yes | G7: PC | H7: AD-IT | I7: AD | J7: NK1 | K7: Vip3 Room | L7: 2023 | M7: =2024-L7 -> 1 | N7: Dell Inc. | O7: OptiPlex 7000 | P7: 12th Gen Intel(R) Core(TM) i5-12500 | Q7: 3.00GHz
A8: =A7+1 -> 4 | B8: 192.168.100.193 | C8: KF-AD-04 | D8: nk1guest | E8: NK-NIPPO | F8: No | G8: PC | H8: AD-IT | I8: AD | J8: NK1 | K8: Guest Room | L8: 2023 | M8: =2024-L8 -> 1 | N8: Dell Inc. | O8: OptiPlex 7000 | P8: 12th Gen Intel(R) Core(TM) i5-12500 | Q8: 3.00GHz
A9: =A8+1 -> 5 | B9: 192.168.100.127 | C9: KF-AD-05 | D9: nk1conference1 | E9: NK-NIPPO | F9: No | G9: PC | H9: AD-IT | I9: AD | J9: NK1 | K9: Conference Room 1 | L9: 2019 | M9: =2024-L9 -> 5 | N9: Dell Inc. | O9: OptiPlex 3070 | P9: Intel(R) Core(TM) i5-9500 CPU @ 3.00GHz | Q9: 3.00GHz
A10: =A9+1 -> 6 | B10: 192.168.100.165 | C10: KF-AD-06 | D10: nk1vip3 | E10: NK-NIPPO | F10: Yes | G10: PC | H10: AD-IT | I10: AD | J10: NK1 | K10: Director Room | L10: 2018 | M10: =2024-L10 -> 6 | N10: Dell Inc. | O10: OptiPlex 3050 | P10: Intel(R) Core(TM) i5-7500 CPU @ 3.40GHz | Q10: 3.40GHz
A11: =A10+1 -> 7 | B11: 192.168.100.40 | C11: KF-AD-07 | D11: nk1conference2 | E11: NK-NIPPO | F11: No | G11: PC | H11: AD-IT | I11: AD | J11: NK1 | K11: Conference Room 2 | L11: 2018 | M11: =2024-L11 -> 6 | N11: Dell Inc. | O11: OptiPlex 3050 | P11: Intel(R) Core(TM) i5-7500 CPU @ 3.40GHz | Q11: 3.40GHz
A12: =A11+1 -> 8 | B12: 192.168.10.19 | C12: KF-AD-08 | D12: nk1bigsalon | E12: NK-NIPPO | F12: Yes | G12: PC | H12: AD-IT | I12: AD | J12: NK1 | K12: Bigsalon | L12: 2019 | M12: =2024-L12 -> 5 | N12: Dell Inc. | O12: OptiPlex 3070 | P12: Intel(R) Core(TM) i5-9500 CPU @ 3.00GHz | Q12: 3.00GHz
A13: =A12+1 -> 9 | B13: 192.168.100.92 | C13: KF-AD-09 | D13: nk1lecture1 | E13: NK-NIPPO | F13: No | G13: PC | H13: AD-IT | I13: AD | J13: NK1 | K13: Lecture Room 1 | L13: 2019 | M13: =2024-L13 -> 5 | N13: Dell Inc. | O13: OptiPlex 3070 | P13: Intel(R) Core(TM) i5-9500 CPU @ 3.00GHz | Q13: 3.00GHz
A14: =A13+1 -> 10 | B14: 192.168.100.196 | C14: KF-AD-10 | D14: nk1lecture2 | E14: NK-NIPPO | F14: Yes | G14: PC | H14: AD-IT | I14: AD | J14: NK1 | K14: Lecture Room 2 | L14: 2019 | M14: =2024-L14 -> 5 | N14: Dell Inc. | O14: OptiPlex 3070 | P14: Intel(R) Core(TM) i5-9500 CPU @ 3.00GHz | Q14: 3.00GHz
A15: =A14+1 -> 11 | B15: 192.168.100.198 | C15: KF-AD-11 | D15: nk1meeting1 | E15: NK-NIPPO | F15: Yes | G15: PC | H15: AD-IT | I15: AD | J15: NK1 | K15: Meeting Room 1 (Offoce Center) | L15: 2019 | M15: =2024-L15 -> 5 | N15: Dell Inc. | O15: OptiPlex 3070 | P15: Intel(R) Core(TM) i5-7500 CPU @ 3.40GHz | Q15: 3.40GHz
A16: =A15+1 -> 12 | B16: 192.168.20.122 | C16: KF-AD-12 | D16: nk1meeting2 | E16: NK-NIPPO | F16: Yes | G16: PC | H16: AD-IT | I16: AD | J16: NK1 | K16: Meeting Room 2 (Offoce Center) | L16: 2019 | M16: =2024-L16 -> 5 | N16: Dell Inc. | O16: OptiPlex 3070 | P16: Intel(R) Core(TM) i5-9500 CPU @ 3.00GHz | Q16: 3.00GHz
A17: =A16+1 -> 13 | B17: 192.168.200.160 | C17: KF-AD-13 | D17: nk2vip1 | E17: NK-NIPPO | F17: No | G17: PC | H17: AD-IT | I17: AD | J17: NK2 | K17: Vip 1 | L17: 2019 | M17: =2024-L17 -> 5 | N17: Dell Inc. | O17: OptiPlex 3070 | P17: Intel(R) Core(TM) i5-9500 CPU @ 3.00GHz | Q17: 3.00GHz
... A107: =A106+1 -> 103 | B107: 192.168.20.104 | C107: KF-BCC-09 | D107: aongard.s | E107: NK-NIPPO | F107: Yes | G107: PC | H107: Aongard Suekram | I107: BC CENTER | J107: NK1 | K107: Office Center | L107: 2024 | M107: =2024-L107 -> 0 | N107: Dell Inc. | O107: OptiPlex SFF 7010 | P107: 13th Gen Intel(R) Core(TM) i5-13500 | Q107: 2.5GHz
A108: =A107+1 -> 104 | B108: 192.168.1.15 | C108: KFDMD | E108: NK-NIPPO | F108: Yes | G108: NB | I108: AD | J108: NK1 | K108: Office Ad | L108: 2021 | M108: =2024-L108 -> 3 | N108: Dell Inc. | O108: Latitude 5320 | P108: 11th Gen Intel(R) Core(TM) i5-1135G7 @ 2.40GHz | Q108: 2.40GHz
A109: =A108+1 -> 105 | B109: 192.168.100.201 | C109: KF-EC-01 | D109: kriengkrai.t | E109: NK-NIPPO | F109: No | G109: PC | H109: Kriengkrai Thongraiking | I109: EC | J109: NK1 | K109: Office Ec | L109: 2019 | M109: =2024-L109 -> 5 | N109: Dell Inc. | O109: OptiPlex 3070 | P109: Intel(R) Core(TM) i5-9500 CPU @ 3.00GHz | Q109: 3.00GHz
A110: =A109+1 -> 106 | B110: 192.168.100.160 | C110: KF-EC-02 | D110: kanyanat.k | E110: NK-NIPPO | F110: Yes | G110: PC | H110: Kanyanat Kaewkam | I110: EC | J110: NK1 | K110: Office Ec | L110: 2019 | M110: =2024-L110 -> 5 | N110: Dell Inc. | O110: OptiPlex 3070 | P110: Intel(R) Core(TM) i5-9500 CPU @ 3.00GHz | Q110: 3.00GHz
A111: =A110+1 -> 107 | B111: 192.168.100.68 | C111: KF-EC-03 | D111: itsada.t | E111: NK-NIPPO | F111: No | G111: PC | H111: Itsada Thinnakorn | I111: EC | J111: NK1 | K111: Office Ec | L111: 2019 | M111: =2024-L111 -> 5 | N111: Dell Inc. | O111: OptiPlex 3070 | P111: Intel(R) Core(TM) i5-9500 CPU @ 3.00GHz | Q111: 3.00GHz
A112: =A111+1 -> 108 | B112: 192.168.100.203 | C112: KF-EC-05 | D112: wanmongkol.m | E112: NK-NIPPO | F112: No | G112: Work Station | H112: Wanmongkol Mamaroeng | I112: EC | J112: NK1 | K112: Office Ec | L112: 2020 | M112: =2024-L112 -> 4 | N112: Dell Inc. | O112: Precision 3630 Tower | P112: Intel(R) Core(TM) i7-9700 CPU @ 3.00GHz | Q112: 3.00GHz
A113: =A112+1 -> 109 | B113: 192.168.100.163 | C113: KF-EC-06 | D113: rattanaporn.m | E113: NK-NIPPO | F113: No | G113: PC | H113: Rattanaporn Maisungnoen | I113: EC | J113: NK1 | K113: Office Ec | L113: 2019 | M113: =2024-L113 -> 5 | N113: Dell Inc. | O113: OptiPlex 3070 | P113: Intel(R) Core(TM) i5-9500 CPU @ 3.00GHz | Q113: 3.00GHz
A114: =A113+1 -> 110 | B114: 192.168.100.95 | C114: KF-EC-07 | D114: jureeporn.t | E114: NK-NIPPO | F114: No | G114: PC | H114: Jureeporn Tunsungnoen | I114: EC | J114: NK1 | K114: Office Ec | L114: 2018 | M114: =2024-L114 -> 6 | N114: Dell Inc. | O114: OptiPlex 3050 | P114: Intel(R) Core(TM) i5-7500 CPU @ 3.40GHz | Q114: 3.40GHz
A115: =A114+1 -> 111 | B115: 192.168.100.240 | C115: KF-EC-08 | D115: wichai.t | E115: NK-NIPPO | F115: Yes | G115: PC | H115: Wichai Tasoon | I115: EC | J115: NK1 | K115: Office Ec | L115: 2018 | M115: =2024-L115 -> 6 | N115: Dell Inc. | O115: OptiPlex 3050 | P115: Intel(R) Core(TM) i5-7500 CPU @ 3.40GHz | Q115: 3.40GHz
A116: =A115+1 -> 112 | B116: 192.168.100.214 | C116: KF-EC-09 | D116: aungkana.m | E116: NK-NIPPO | F116: No | G116: PC | H116: Aungkana Mastawong | I116: EC | J116: NK1 | K116: Office Ec | L116: 2019 | M116: =2024-L116 -> 5 | N116: Dell Inc. | O116: OptiPlex 3070 | P116: Intel(R) Core(TM) i5-9500 CPU @ 3.00GHz | Q116: 3.00GHz
A117: =A116+1 -> 113 | B117: 192.168.100.125 | C117: KF-EC-10 | D117: pacharin.p | E117: NK-NIPPO | F117: No | G117: PC | H117: Pacharin Pokhachat | I117: EC | J117: NK1 | K117: Office Ec | L117: 2018 | M117: =2024-L117 -> 6 | N117: Dell Inc. | O117: OptiPlex 3050 | P117: Intel(R) Core(TM) i5-7500 CPU @ 3.40GHz | Q117: 3.40GHz
A118: =A117+1 -> 114 | B118: 192.168.100.124 | C118: KF-EC-11 | D118: krungklai.k | E118: NK-NIPPO | F118: No | G118: Work Station | H118: Krungklai Kalamae | I118: EC | J118: NK1 | K118: Office Ec | L118: 2020 | M118: =2024-L118 -> 4 | N118: Dell Inc. | O118: Precision 3630 Tower | P118: Intel(R) Core(TM) i7-9700 CPU @ 3.00GHz | Q118: 3.00GHz
A119: =A118+1 -> 115 | B119: 192.168.100.180 | C119: KF-EC-12 | D119: pichit.k | E119: NK-NIPPO | F119: No | G119: Work Station | H119: Pichit Khonok | I119: EC | J119: NK1 | K119: Office Ec | L119: 2020 | M119: =2024-L119 -> 4 | N119: Dell Inc. | O119: Precision 3630 Tower | P119: Intel(R) Core(TM) i7-9700 CPU @ 3.00GHz | Q119: 3.00GHz
A120: =A119+1 -> 116 | B120: 10.10.110.33 | C120: KF-EC-13 | D120: suganuma.y | E120: NK-NIPPO | F120: Yes | G120: NB | H120: Yoshifumi Suganuma | I120: QA CENTER | J120: NK2 | K120: Office Precision | L120: 2022 | M120: =2024-L120 -> 2 | N120: Dell Inc. | O120: Latitude 7320 | P120: 11th Gen Intel(R) Core(TM) i5-1135G7 @ 2.40GHz | Q120: 2.40GHz
... A194: =A193+1 -> 190 | B194: 10.10.110.29 | C194: KF6PD2_35 | D194: kanchana.c | E194: NK-NIPPO | F194: No | G194: PC | H194: Kanchana Chaisri | I194: MEDICAL | J194: NK2 | K194: Barcode Med Room | L194: 2020 | M194: =2024-L194 -> 4 | N194: Dell Inc. | O194: OptiPlex 3070 | P194: Intel(R) Core(TM) i5-9500 CPU @ 3.00GHz | Q194: 3.00GHz
A195: =A194+1 -> 191 | B195: 192.168.123.30 | C195: KF-MRT-02 | E195: NK-NIPPO | F195: Yes | G195: NB | I195: AD | J195: NK1 | K195: Office Center | L195: 2019 | M195: =2024-L195 -> 5 | N195: HP | O195: Laptop 15S-FQ1xxx | P195: Intel(R) Core(TM) i5-1035G1 CPU @ 1.00GHz | Q195: 1.00GHz
A196: =A195+1 -> 192 | B196: 10.10.110.24 | C196: KF-MRT-04 | D196: rujira.a | E196: NK-NIPPO | F196: Yes | G196: NB | H196: Rujira Aiamtod | I196: MARKETING | J196: NK1 | K196: Office Center | L196: 2021 | M196: =2024-L196 -> 3 | N196: Dell Inc. | O196: Latitude 3520 | P196: 11th Gen Intel(R) Core(TM) i5-1135G7 @ 2.40GHz | Q196: 2.40GHz
A197: =A196+1 -> 193 | B197: 10.10.110.16 | C197: KF-MRT-05 | D197: vuthichai.m | E197: NK-NIPPO | F197: Yes | G197: NB | H197: Vuthichai Mukpon | I197: MARKETING | J197: NK1 | K197: Office Center | L197: 2023 | M197: =2024-L197 -> 1 | N197: Dell Inc. | O197: Latitude 7330 | P197: 12th Gen Intel(R) Core(TM) i5-1245U | Q197: 1.60GHz
A198: =A197+1 -> 194 | B198: 10.10.110.19 | C198: KF-MRT-06 | D198: prawichaya.j | E198: NK-NIPPO | F198: Yes | G198: NB | H198: Prawichaya Jantaraweeragul | I198: MARKETING | J198: NK1 | K198: Office Center | L198: 2023 | M198: =2024-L198 -> 1 | N198: Dell Inc. | O198: Latitude 3530 | P198: 12th Gen Intel(R) Core(TM) i7-1255U | Q198: 1.70 GHz
A199: =A198+1 -> 195 | B199: 10.10.110.21 | C199: KF-MRT-07 | D199: kanisorn.k | E199: NK-NIPPO | F199: Yes | G199: NB | H199: Kanisorn Kaewluang | I199: MARKETING | J199: NK1 | K199: Office Center | L199: 2023 | M199: =2024-L199 -> 1 | N199: Dell Inc. | O199: Latitude 3530 | P199: 12th Gen Intel(R) Core(TM) i7-1255U | Q199: 1.70 GHz
A200: =A199+1 -> 196 | B200: 10.10.110.13 | C200: KF-MRT-08 | D200: worapun.s | E200: NK-NIPPO | F200: Yes | G200: NB | H200: Worapun Supatwanich | I200: MARKETING | J200: NK1 | K200: Office Center | L200: 2023 | M200: =2024-L200 -> 1 | N200: Dell Inc. | O200: Latitude 3540 | P200: 13th Gen Intel(R) Core(TM) i5-1335U | Q200: 1.30 GHz
A201: =A200+1 -> 197 | B201: 192.168.123.101 | C201: KF-MRT-09 | E201: NK-NIPPO | F201: Yes | G201: NB | I201: MARKETING | J201: NK1 | K201: Office Center | L201: 2024 | M201: =2024-L201 -> 0 | N201: Dell Inc. | O201: Latitude 3540 | P201: 13th Gen Intel(R) Core(TM) i5-1345U | Q201: 1.30 GHz
A202: =A201+1 -> 198 | B202: 10.10.110.15 | C202: KF-PRE-01 | D202: muranaka.t | E202: NK-NIPPO | F202: Yes | G202: NB | H202: Takayuki Muranaka | I202: PRECISION | J202: NK1 | K202: Office Center | L202: 2022 | M202: =2024-L202 -> 2 | N202: Dell Inc. | O202: Latitude 5320 | P202: 11th Gen Intel(R) Core(TM) i5-1135G7 @ 2.40GHz | Q202: 2.60GHz
A203: =A202+1 -> 199 | B203: 192.168.20.20 | C203: KF-PRE-02 | D203: rungsit.u | E203: NK-NIPPO | F203: No | G203: PC | H203: Rungsit Utsaha | I203: BC CENTER | J203: NK1 | K203: Office Center | L203: 2019 | M203: =2024-L203 -> 5 | N203: Dell Inc. | O203: OptiPlex 3070 | P203: Intel(R) Core(TM) i5-9500 CPU @ 3.00GHz | Q203: 3.00GHz
A204: =A203+1 -> 200 | B204: 192.168.20.56 | C204: KF-PRE-04 | D204: surat.c | E204: NK-NIPPO | F204: No | G204: PC | H204: Surat Chadsoongnorn | I204: PRECISION | J204: NK1 | K204: Office Center | L204: 2019 | M204: =2024-L204 -> 5 | N204: Dell Inc. | O204: OptiPlex 5040 | P204: Intel(R) Core(TM) i5-6500 CPU @ 3.20GHz | Q204: 3.00GHz
A205: =A204+1 -> 201 | B205: 192.168.20.76 | C205: KF-PRE-05 | D205: noppadon.s | E205: NK-NIPPO | F205: No | G205: PC | H205: Noppadon Suwachai | I205: PRECISION | J205: NK1 | K205: Office Center | L205: 2018 | M205: =2024-L205 -> 6 | N205: Dell Inc. | O205: OptiPlex 3050 | P205: Intel(R) Core(TM) i5-7500 CPU @ 3.40GHz | Q205: 3.40GHz
A206: =A205+1 -> 202 | B206: 192.168.100.169 | C206: KF-PRE-06 | D206: ladawan.p | E206: NK-NIPPO | F206: Yes | G206: PC | H206: Ladawan Pienbhunkow | I206: PRECISION | J206: NK1 | K206: Office Assy | L206: 2019 | M206: =2024-L206 -> 5 | N206: Dell Inc. | O206: OptiPlex 3070 | P206: Intel(R) Core(TM) i5-9500 CPU @ 3.00GHz | Q206: 3.00GHz
A207: =A206+1 -> 203 | B207: 192.168.20.78 | C207: KF-PRE-07 | D207: mongkol.k | E207: NK-NIPPO | F207: No | G207: PC | H207: Mongkol Khamta | I207: PRECISION | J207: NK1 | K207: Office Center | L207: 2016 | M207: =2024-L207 -> 8 | N207: LENOVO | O207: ThinkCenter | P207: Intel(R) Core(TM) i5-4590S CPU @ 3.00GHz | Q207: 3.00GHz
A208: =A207+1 -> 204 | B208: 192.168.20.79 | C208: KF-PRE-08 | D208: jiraporn.h | E208: NK-NIPPO | F208: No | G208: PC | H208: Jiraporn Hansuwan | I208: PRECISION | J208: NK1 | K208: Office Center | L208: 2018 | M208: =2024-L208 -> 6 | N208: Dell Inc. | O208: OptiPlex 3050 | P208: Intel(R) Core(TM) i5-7500 CPU @ 3.40GHz | Q208: 3.40GHz
A209: =A208+1 -> 205 | B209: 192.168.20.91 | C209: KF-PRE-09 | D209: nisara.k | E209: NK-NIPPO | F209: No | G209: PC | H209: Nisara Kaewkhum | I209: BC CENTER | J209: NK1 | K209: Office Center | L209: 2022 | M209: =2024-L209 -> 2 | N209: Dell Inc. | O209: OptiPlex 7000 | P209: 12th Gen Intel(R) Core(TM) i5-12500 | Q209: 3.00GHz
A210: =A209+1 -> 206 | B210: 10.10.110.16 | C210: KF-PRE-10 | D210: pacharapun.w | E210: NK-NIPPO | F210: No | G210: PC | H210: Pacharapun Wangkhunthod | I210: BC CENTER | J210: NK1 | K210: Office Center | L210: 2022 | M210: =2024-L210 -> 2 | N210: Dell Inc. | O210: OptiPlex 7000 | P210: 12th Gen Intel(R) Core(TM) i5-12500 | Q210: 3.00GHz
A211: =A210+1 -> 207 | B211: 192.168.20.25 | C211: KF-PRE-11 | D211: sema.b | E211: NK-NIPPO | F211: No | G211: PC | H211: Sema Boonpramoal | I211: BC CENTER | J211: NK1 | K211: Office Center | L211: 2022 | M211: =2024-L211 -> 2 | N211: Dell Inc. | O211: OptiPlex 7000 | P211: 12th Gen Intel(R) Core(TM) i5-12500 | Q211: 3.00GHz
A212: =A211+1 -> 208 | B212: 10.10.110.19 | C212: KF-PRE-12 | D212: nattasan.s | E212: NK-NIPPO | F212: No | G212: PC | H212: Nattasan Sokpoom | I212: PRECISION | J212: NK1 | K212: Office Center | L212: 2020 | M212: =2024-L212 -> 4 | N212: Dell Inc. | O212: OptiPlex 3070 | P212: Intel(R) Core(TM) i5-9500 CPU @ 3.00GHz | Q212: 3.00GHz
A213: =A212+1 -> 209 | B213: 192.168.100.216 | C213: KF-PRE-13 | D213: suwannee.r | E213: NK-NIPPO | F213: No | G213: PC | H213: Suwannee Raksa | I213: PRECISION | J213: NK1 | K213: Office Assy | L213: 2019 | M213: =2024-L213 -> 5 | N213: Dell Inc. | O213: OptiPlex 3070 | P213: Intel(R) Core(TM) i5-9500 CPU @ 3.00GHz | Q213: 3.00GHz
... A295: =A294+1 -> 291 | B295: 192.168.200.95 | C295: KF-QA-34 | D295: hptest1 (W.7) | E295: No Join Domain | F295: No | G295: PC MC | H295: Wongsak Kaeosaen | I295: QA CENTER | J295: NK2 | K295: Inspection Room | L295: 2017 | M295: =2024-L295 -> 7 | N295: Dell Inc. | O295: OptiPlex 5050 | P295: Intel(R) Core(TM) i3-6100 CPU @ 3.70GHz | Q295: 3.70GHz
A296: =A295+1 -> 292 | B296: 192.168.200.95 | C296: KF-QA-35 | D296: Administrator (W.XP) | E296: No Join Domain | F296: No | G296: PC MC | H296: Wongsak Kaeosaen | I296: QA CENTER | J296: NK2 | K296: Inspection Room | L296: 2012 | M296: =2024-L296 -> 12 | N296: CNFGD | O296: 52600063489 | P296: Intel(R) Core(TM) i5 CPU 750 @ 2.67GHz | Q296: 2.66GHz
A297: =A296+1 -> 293 | B297: 192.168.200.95 | C297: KF-QA-36 | D297: Admin (W.7) | E297: No Join Domain | F297: No | G297: PC MC | H297: Wongsak Kaeosaen | I297: QA CENTER | J297: NK2 | K297: Inspection Room | L297: 2012 | M297: =2024-L297 -> 12 | N297: LG | O297: XDH61CR | P297: Intel(R) Core(TM) i3-3220 CPU @ 3.30GHz | Q297: 3.30GHz
A298: =A297+1 -> 294 | B298: 192.168.200.95 | C298: KF-QA-37 | D298: Admin (W.7) | E298: No Join Domain | F298: No | G298: PC MC | H298: Wongsak Kaeosaen | I298: QA CENTER | J298: NK2 | K298: Inspection Room | L298: 2014 | M298: =2024-L298 -> 10 | N298: LG | O298: XDH61CR | P298: Intel(R) Core(TM) i3-3220 CPU @ 3.30GHz | Q298: 3.30GHz
A299: =A298+1 -> 295 | B299: 192.168.200.95 | C299: KF-QA-38 | D299: QC (W.7) | E299: No Join Domain | F299: No | G299: PC MC | H299: Wongsak Kaeosaen | I299: QA CENTER | J299: NK2 | K299: Inspection Room | L299: 2012 | M299: =2024-L299 -> 12 | N299: HP | O299: HP compact | P299: Intel(R) Xeon(R) E5-1607 CPU @ 3.00GHz | Q299: 3.17 GHz
A300: =A299+1 -> 296 | B300: 192.168.200.90 | C300: KF-QA-39 | D300: sompong.j | E300: NK-NIPPO | F300: No | G300: PC | H300: Sompong Jongkoklang | I300: QA CENTER | J300: NK2 | K300: Oqa Prcision | L300: 2022 | M300: =2024-L300 -> 2 | N300: Dell Inc. | O300: OptiPlex 7000 | P300: 12th Gen Intel(R) Core(TM) i5-12500 | Q300: 3.00GHz
A301: =A300+1 -> 297 | B301: 192.168.200.91 | C301: KF-QA-40 | D301: kf-qa-40 | E301: NK-NIPPO | F301: No | G301: PC | H301: Thirachaet Pharongram | I301: QA CENTER | J301: NK2 | K301: Oqa Prcision | L301: 2022 | M301: =2024-L301 -> 2 | N301: Dell Inc. | O301: OptiPlex 7000 | P301: 12th Gen Intel(R) Core(TM) i5-12500 | Q301: 3.00GHz
A302: =A301+1 -> 298 | B302: 192.168.200.152 | C302: KF-QA-41 | D302: turean.t | E302: NK-NIPPO | F302: No | G302: PC | H302: Turean Teabmai | I302: QA CENTER | J302: NK2 | K302: Office Precision | L302: 2020 | M302: =2024-L302 -> 4 | N302: Dell Inc. | O302: OptiPlex 3070 | P302: Intel(R) Core(TM) i5-9500 CPU @ 3.00GHz | Q302: 3.00GHz
A303: =A302+1 -> 299 | B303: 10.10.110.26 | C303: KF-QA-42 | D303: thammajak.u | E303: NK-NIPPO | F303: Yes | G303: NB | H303: Thammajak Ubonpen | I303: QA CENTER | J303: NK1 | K303: Office Center | L303: 2022 | M303: =2024-L303 -> 2 | N303: Dell Inc. | O303: Latitude 7320 | P303: 11th Gen Intel(R) Core(TM) i5-1135G7 @ 2.40GHz | Q303: 2.40GHz
A304: =A303+1 -> 300 | B304: 192.168.20.82 | C304: KF-QA-44 | D304: nada.p | E304: NK-NIPPO | F304: No | G304: PC | H304: Nada Poomkoklak | I304: QA CENTER | J304: NK1 | K304: Office Center | L304: 2020 | M304: =2024-L304 -> 4 | N304: Dell Inc. | O304: OptiPlex 3070 | P304: Intel(R) Core(TM) i5-9500 CPU @ 3.00GHz | Q304: 3.00GHz
A305: =A304+1 -> 301 | B305: 192.168.200.110 | C305: KF-QA-45 | D305: kankrit.s | E305: NK-NIPPO | F305: No | G305: PC | H305: Kankrit Sangsane | I305: QA CENTER | J305: NK2 | K305: Office Precision | L305: 2023 | M305: =2024-L305 -> 1 | N305: Dell Inc. | O305: OptiPlex SFF 7010 | P305: 13th Gen Intel(R) Core(TM) i5-13500 | Q305: 2.5 GHz
A306: =A305+1 -> 302 | B306: 192.168.20.110 | C306: KF-QA-46 | D306: pongpeera.k | E306: NK-NIPPO | F306: Yes | G306: PC | H306: kf-qa-46 | I306: QA CENTER | J306: NK1 | K306: Office Center | L306: 2023 | M306: =2024-L306 -> 1 | N306: Dell Inc. | O306: OptiPlex SFF 7010 | P306: 13th Gen Intel(R) Core(TM) i5-13500 | Q306: 2.5 GHz
A307: =A306+1 -> 303 | B307: 192.168.100.45 | C307: KF-QA-47 | D307: USER | E307: No Join Domain | F307: No | G307: PC MC | H307: Yupanee Hong-Eiam | I307: QA CENTER | J307: NK1 | K307: Inspection Room | L307: 2023 | M307: =2024-L307 -> 1 | N307: Dell Inc. | O307: OptiPlex 7000 Tower | P307: 12th Gen Intel(R) Core(TM) i5-12500 | Q307: 3.00GHz
A308: =A307+1 -> 304 | B308: 192.168.200.80 | C308: KF-SL-01 | D308: mana.k | E308: NK-NIPPO | F308: No | G308: PC | H308: Mana Khunkhunthod | I308: SLIT | J308: NK2 | K308: Office Medical | L308: 2022 | M308: =2024-L308 -> 2 | N308: Dell Inc. | O308: OptiPlex 7000 | P308: 12th Gen Intel(R) Core(TM) i5-12500 | Q308: 3.00GHz
... A316: =A315+1 -> 312 | B316: 10.10.110.35 | C316: KF-SL-09 | D316: tipamanee.s | E316: No Join Domain | F316: No | G316: PC | H316: Mana Khunkhunthod | I316: SLIT | J316: NK2 | K316: Clean Room Slit | L316: 2024 | M316: =2024-L316 -> 0 | N316: Dell Inc. | O316: OptiPlex Micro 7010 | P316: 13th Gen Intel(R) Core(TM) i5-13500T | Q316: 3.00GHz
